,ProductName,Processor,RAM,HardDrive,OS,ScreenSize,Additional_Features,Processor_Type,OriginalPrice,GST,OfferPercentage,PriceSaved,Price,ProductID
0,HPPavilionPlus35.6cmLaptop14-ew0154TU-Blue,13th Generation Intel® Core™ i7 processor,16,1024,Windows 11 Pro,35.6 cm,"Backlit keyboard, Wide Vision 5MP IR camera, B&O Speakers, Privacy Camera ",Intel,132408,17542,13,17409,114999,92U78PA
1,HPPavilionPlus35.6cmLaptop14-ey0789AU-Silver,AMD Ryzen™ 7 processor,16,1024,Windows 11 Home,35.6 cm,"Backlit keyboard, Wide Vision 5MP IR camera, B&O Speakers, Privacy Camera ",AMD,105926,14034,13,13927,91999,92U77PA
2,HPPavilion35.6cmLaptop14-ec1003AU,AMD Ryzen™ 5-5625U Processor,8,512,Windows 11 Home,35.6 cm,"Backlit keyboard, Wide Vision 720p HD camera, B&O speakers ",AMD,61022,8085,13,8023,52999,689H4PA
3,HPPavilion35.6cmx3602-in-1Laptop14-ek1009TU-Gold,13th Generation Intel® Core™ i5 processor,16,1024,Windows 11 Home,35.6 cm,"Backlit keyboard, Fingerprint reader, True Vision 5MP camera, B&O Speakers, Privacy Camera ",Intel,92746,12813,9,8747,83999,7N759PA
4,HPEnvy33.8cmx3602-in-1LaptopOLED13-bf0141TU-Silver,12th Gen Intel® Evo™ Powered by Core™ i7 processor,16,512,Windows 11 Home,33.8 cm,"Backlit Keyboard, True Vision 5MP IR camera, B&O Speakers ",Intel,121629,16780,9,11630,109999,81B47PA
5,HPPavilion35.6cmLaptop14-dv2041TU-Silver,12th Generation Intel® Core™ i5 processor,16,512,Windows 11 Home,35.6 cm,"Backlit keyboard, Fingerprint reader, Wide Vision 720p HD camera, B&O Speakers ",Intel,75450,10449,9,6951,68499,6K9C5PA
6,HPPavilion35.6cmx3602-in-1Laptop14-ek0084TU-Silver,12th Generation Intel® Core™ i5 processor,8,512,Windows 11 Home Single Language,35.6 cm,"Backlit keyboard, True Vision 5MP camera, B&O Speakers ",Intel,82574,11441,9,7575,74999,6Q0Z3PA
7,HPPavilion35.6cmLaptop14-dv2153TU-Silver,12th Generation Intel® Core™ i5 processor,16,1024,Windows 11 Home,35.6 cm,"Backlit keyboard, Fingerprint reader, Wide Vision 720p HD camera, B&O Speakers ",Intel,80499,10678,13,10500,69999,8Y2S3PA
8,HPEnvy39.6cmx3602-in-1LaptopOLED15-fe0014TX,13th Generation Intel® Core™ i7 processor,16,1024,Windows 11 Home,39.6 cm,"Backlit Keyboard, Wide Vision 5MP IR camera, B&O Speakers, Privacy Camera ",Intel,149588,20898,8,12589,136999,8C4R6PA
9,HPEnvy39.6cmx3602-in-1LaptopOLED15-fe0030TU,13th Generation Intel® Core™ i7 processor,16,512,Windows 11 Home,39.6 cm,"Backlit Keyboard, Wide Vision 5MP IR camera, B&O Speakers, Privacy Camera ",Intel,124858,17390,8,10859,113999,8C4R8PA
10,HPEnvy33.8cmx3602-in-1LaptopOLED13-bf0063TU-Blue,Intel® Evo™ platform powered by Intel® Core™ i7 processor,16,1024,Windows 11 Home,33.8 cm,"Backlit Keyboard, True Vision 5MP IR camera, B&O Speakers ",Intel,132871,18305,9,12872,119999,6L0L1PA
11,HPVictusGamingLaptop39.62cm15-fa0555TX,12th Generation Intel® Core™ i5 processor,16,512,Windows 11 Home,39.6 cm,Backlit keyboard with numeric keypad/Wide Vision 720p HD camera/B&O Speakers ,Intel,88646,10647,21,18847,69799,805X2PA
12,HPPavilion35.6cmx3602-in-1Laptop14-ek1010TU-Silver,13th Generation Intel® Core™ i5 processor,16,1024,Windows 11 Home,35.6 cm,"Backlit keyboard, Fingerprint reader, True Vision 5MP camera, B&O Speakers, Privacy Camera ",Intel,92746,12813,9,8747,83999,7N760PA
13,HPPavilion35.6cmLaptop14-dv2015TU-Silver,12th Generation Intel® Core™ i7 processor,16,1024,Windows 11 Home,35.6 cm,"Backlit keyboard, Fingerprint reader, Wide Vision 720p HD camera, B&O Speakers ",Intel,97867,12966,13,12868,84999,6K9J2PA
14,HPEnvy33.8cmx3602-in-1LaptopOLED13-bf0062TU-SpaceBlue,12th Generation Intel® Core™ i7 processor,16,512,Windows 11 Home,33.8 cm,"Backlit Keyboard, True Vision 5MP IR camera with camera shutter, B&O Speakers ",Intel,121630,16780,9,11631,109999,6L0L0PA
15,HPEnvy33.8cmx3602-in-1LaptopOLED13-bf0058TU-Blue,Intel® Evo™ platform powered by Intel® Core™ i5 processor,16,512,Windows 11 Home,33.78 cm,"Backlit Keyboard, True Vision 5MP IR camera, B&O Speakers ",Intel,110388,15254,9,10389,99999,6L0K9PA
16,HPPavilionPlus35.6cmLaptop14-eh0037TU-Silver,12th Generation Intel® Core™ i5 -12500H Processor,16,512,Windows 11 Home,35.6 cm,"Backlit keyboard, Fingerprint reader, True Vision 5MP camera, B&O Speakers ",Intel,97266,13195,11,10767,86499,77S54PA
17,HPEnvy39.6cmx3602-in-1Laptop15-fe0028TU,13th Generation Intel® Core™ i5 processor,16,512,Windows 11 Home,39.6 cm,"Backlit Keyboard, Wide Vision 5MP IR camera, B&O Speakers, Privacy Camera ",Intel,110244,15254,9,10245,99999,8C4R7PA
18,HPSpectre34.3cmx3602-in-1LaptopOLED14-ef0072TU-Blue,12th Gen Intel® Evo™ Powered by Core™ i7 Processor,16,512,Windows 11 Home,34.3 cm,"Backlit Keyboard, Fingerprint Reader, True Vision 5MP IR camera, B&O Speakers ",Intel,151755,20593,11,16756,134999,7G6F0PA
19,HPPavilionPlus35.6cmLaptop14-eh1022TU,13th Generation Intel® Core™ i5 processor,16,512,Windows 11 Home,35.6 cm,"Backlit keyboard, True Vision 5MP camera, B&O Speakers ",Intel,93876,12966,9,8877,84999,81B19PA
20,HPPavilion35.6cmx3602-in-1Laptop14-ek0074TU-Silver,12th Generation Intel® Core™ i5 processor,16,512,Windows 11 Home,35.6 cm,"Backlit keyboard, Fingerprint reader, True Vision 5MP camera, B&O Speakers ",Intel,87095,11822,11,9596,77499,6Q0Y9PA
21,HPPavilion35.6cmx3602-in-1Laptop14-ek0072TU-Gold,12th Generation Intel® Core™ i5 processor,16,512,Windows 11 Home,35.6 cm,"Backlit keyboard, Fingerprint reader, True Vision 5MP camera, B&O Speakers ",Intel,87095,12051,9,8096,78999,6Q0Y7PA
22,HPPavilion35.6cmx3602-in-1Laptop14-ek1020TU-Gold,13th Generation Intel® Core™ i7 processor,16,512,Windows 11 Home,35.6 cm,"Backlit keyboard, Fingerprint Reader, True Vision 5MP camera, B&O Speakers, Privacy Camera ",Intel,104047,14339,9,10048,93999,7Z1P8PA
23,HPEnvy39.6cmx3602-in-1Laptop15-fh0019AU,AMD Ryzen™ 7 processor,16,512,Windows 11 Home,39.6 cm,"Backlit Keyboard, Wide Vision 5MP IR camera, B&O Speakers, Privacy Camera ",AMD,99003,13881,8,8004,90999,8C4S3PA
24,HPPavilionPlus35.6cmLaptop14-ew0154TU-Blue,13th Generation Intel® Core™ i7 processor,16,1024,Windows 11 Pro,35.6 cm,"Backlit keyboard, Wide Vision 5MP IR camera, B&O Speakers, Privacy Camera ",Intel,132408,17542,13,17409,114999,92U78PA
25,HPPavilionPlus35.6cmLaptop14-ey0789AU-Silver,AMD Ryzen™ 7 processor,16,1024,Windows 11 Home,35.6 cm,"Backlit keyboard, Wide Vision 5MP IR camera, B&O Speakers, Privacy Camera ",AMD,105926,14034,13,13927,91999,92U77PA
26,HPPavilion35.6cmLaptop14-ec1003AU,AMD Ryzen™ 5-5625U Processor,8,512,Windows 11 Home,35.6 cm,"Backlit keyboard, Wide Vision 720p HD camera, B&O speakers ",AMD,61022,8085,13,8023,52999,689H4PA
27,HPPavilion35.6cmx3602-in-1Laptop14-ek1009TU-Gold,13th Generation Intel® Core™ i5 processor,16,1024,Windows 11 Home,35.6 cm,"Backlit keyboard, Fingerprint reader, True Vision 5MP camera, B&O Speakers, Privacy Camera ",Intel,92746,12813,9,8747,83999,7N759PA
28,HPEnvy33.8cmx3602-in-1LaptopOLED13-bf0141TU-Silver,12th Gen Intel® Evo™ Powered by Core™ i7 processor,16,512,Windows 11 Home,33.8 cm,"Backlit Keyboard, True Vision 5MP IR camera, B&O Speakers ",Intel,121629,16780,9,11630,109999,81B47PA
29,HPPavilion35.6cmLaptop14-dv2041TU-Silver,12th Generation Intel® Core™ i5 processor,16,512,Windows 11 Home,35.6 cm,"Backlit keyboard, Fingerprint reader, Wide Vision 720p HD camera, B&O Speakers ",Intel,75450,10449,9,6951,68499,6K9C5PA
30,HPPavilion35.6cmx3602-in-1Laptop14-ek0084TU-Silver,12th Generation Intel® Core™ i5 processor,8,512,Windows 11 Home Single Language,35.6 cm,"Backlit keyboard, True Vision 5MP camera, B&O Speakers ",Intel,82574,11441,9,7575,74999,6Q0Z3PA
31,HPPavilion35.6cmLaptop14-dv2153TU-Silver,12th Generation Intel® Core™ i5 processor,16,1024,Windows 11 Home,35.6 cm,"Backlit keyboard, Fingerprint reader, Wide Vision 720p HD camera, B&O Speakers ",Intel,80499,10678,13,10500,69999,8Y2S3PA
32,HPEnvy39.6cmx3602-in-1LaptopOLED15-fe0014TX,13th Generation Intel® Core™ i7 processor,16,1024,Windows 11 Home,39.6 cm,"Backlit Keyboard, Wide Vision 5MP IR camera, B&O Speakers, Privacy Camera ",Intel,149588,20898,8,12589,136999,8C4R6PA
33,HPEnvy39.6cmx3602-in-1LaptopOLED15-fe0030TU,13th Generation Intel® Core™ i7 processor,16,512,Windows 11 Home,39.6 cm,"Backlit Keyboard, Wide Vision 5MP IR camera, B&O Speakers, Privacy Camera ",Intel,124858,17390,8,10859,113999,8C4R8PA
34,HPEnvy33.8cmx3602-in-1LaptopOLED13-bf0063TU-Blue,Intel® Evo™ platform powered by Intel® Core™ i7 processor,16,1024,Windows 11 Home,33.8 cm,"Backlit Keyboard, True Vision 5MP IR camera, B&O Speakers ",Intel,132871,18305,9,12872,119999,6L0L1PA
35,HPVictusGamingLaptop39.62cm15-fa0555TX,12th Generation Intel® Core™ i5 processor,16,512,Windows 11 Home,39.6 cm,Backlit keyboard with numeric keypad/Wide Vision 720p HD camera/B&O Speakers ,Intel,88646,10647,21,18847,69799,805X2PA
36,HPPavilion35.6cmx3602-in-1Laptop14-ek1010TU-Silver,13th Generation Intel® Core™ i5 processor,16,1024,Windows 11 Home,35.6 cm,"Backlit keyboard, Fingerprint reader, True Vision 5MP camera, B&O Speakers, Privacy Camera ",Intel,92746,12813,9,8747,83999,7N760PA
37,HPPavilion35.6cmLaptop14-dv2015TU-Silver,12th Generation Intel® Core™ i7 processor,16,1024,Windows 11 Home,35.6 cm,"Backlit keyboard, Fingerprint reader, Wide Vision 720p HD camera, B&O Speakers ",Intel,97867,12966,13,12868,84999,6K9J2PA
38,HPEnvy33.8cmx3602-in-1LaptopOLED13-bf0062TU-SpaceBlue,12th Generation Intel® Core™ i7 processor,16,512,Windows 11 Home,33.8 cm,"Backlit Keyboard, True Vision 5MP IR camera with camera shutter, B&O Speakers ",Intel,121630,16780,9,11631,109999,6L0L0PA
39,HPEnvy33.8cmx3602-in-1LaptopOLED13-bf0058TU-Blue,Intel® Evo™ platform powered by Intel® Core™ i5 processor,16,512,Windows 11 Home,33.78 cm,"Backlit Keyboard, True Vision 5MP IR camera, B&O Speakers ",Intel,110388,15254,9,10389,99999,6L0K9PA
40,HPPavilionPlus35.6cmLaptop14-eh0037TU-Silver,12th Generation Intel® Core™ i5 -12500H Processor,16,512,Windows 11 Home,35.6 cm,"Backlit keyboard, Fingerprint reader, True Vision 5MP camera, B&O Speakers ",Intel,97266,13195,11,10767,86499,77S54PA
41,HPEnvy39.6cmx3602-in-1Laptop15-fe0028TU,13th Generation Intel® Core™ i5 processor,16,512,Windows 11 Home,39.6 cm,"Backlit Keyboard, Wide Vision 5MP IR camera, B&O Speakers, Privacy Camera ",Intel,110244,15254,9,10245,99999,8C4R7PA
42,HPSpectre34.3cmx3602-in-1LaptopOLED14-ef0072TU-Blue,12th Gen Intel® Evo™ Powered by Core™ i7 Processor,16,512,Windows 11 Home,34.3 cm,"Backlit Keyboard, Fingerprint Reader, True Vision 5MP IR camera, B&O Speakers ",Intel,151755,20593,11,16756,134999,7G6F0PA
43,HPPavilionPlus35.6cmLaptop14-eh1022TU,13th Generation Intel® Core™ i5 processor,16,512,Windows 11 Home,35.6 cm,"Backlit keyboard, True Vision 5MP camera, B&O Speakers ",Intel,93876,12966,9,8877,84999,81B19PA
44,HPPavilion35.6cmx3602-in-1Laptop14-ek0074TU-Silver,12th Generation Intel® Core™ i5 processor,16,512,Windows 11 Home,35.6 cm,"Backlit keyboard, Fingerprint reader, True Vision 5MP camera, B&O Speakers ",Intel,87095,11822,11,9596,77499,6Q0Y9PA
45,HPPavilion35.6cmx3602-in-1Laptop14-ek0072TU-Gold,12th Generation Intel® Core™ i5 processor,16,512,Windows 11 Home,35.6 cm,"Backlit keyboard, Fingerprint reader, True Vision 5MP camera, B&O Speakers ",Intel,87095,12051,9,8096,78999,6Q0Y7PA
46,HPPavilion35.6cmx3602-in-1Laptop14-ek1020TU-Gold,13th Generation Intel® Core™ i7 processor,16,512,Windows 11 Home,35.6 cm,"Backlit keyboard, Fingerprint Reader, True Vision 5MP camera, B&O Speakers, Privacy Camera ",Intel,104047,14339,9,10048,93999,7Z1P8PA
47,HPEnvy39.6cmx3602-in-1Laptop15-fh0019AU,AMD Ryzen™ 7 processor,16,512,Windows 11 Home,39.6 cm,"Backlit Keyboard, Wide Vision 5MP IR camera, B&O Speakers, Privacy Camera ",AMD,99003,13881,8,8004,90999,8C4S3PA
48,HPPavilionPlus35.6cmLaptop14-ew0154TU-Blue,13th Generation Intel® Core™ i7 processor,16,1024,Windows 11 Pro,35.6 cm,"Backlit keyboard, Wide Vision 5MP IR camera, B&O Speakers, Privacy Camera ",Intel,132408,17542,13,17409,114999,92U78PA
49,HPPavilionPlus35.6cmLaptop14-ey0789AU-Silver,AMD Ryzen™ 7 processor,16,1024,Windows 11 Home,35.6 cm,"Backlit keyboard, Wide Vision 5MP IR camera, B&O Speakers, Privacy Camera ",AMD,105926,14034,13,13927,91999,92U77PA
50,HPPavilion35.6cmLaptop14-ec1003AU,AMD Ryzen™ 5-5625U Processor,8,512,Windows 11 Home,35.6 cm,"Backlit keyboard, Wide Vision 720p HD camera, B&O speakers ",AMD,61022,8085,13,8023,52999,689H4PA
51,HPPavilion35.6cmx3602-in-1Laptop14-ek1009TU-Gold,13th Generation Intel® Core™ i5 processor,16,1024,Windows 11 Home,35.6 cm,"Backlit keyboard, Fingerprint reader, True Vision 5MP camera, B&O Speakers, Privacy Camera ",Intel,92746,12813,9,8747,83999,7N759PA
52,HPEnvy33.8cmx3602-in-1LaptopOLED13-bf0141TU-Silver,12th Gen Intel® Evo™ Powered by Core™ i7 processor,16,512,Windows 11 Home,33.8 cm,"Backlit Keyboard, True Vision 5MP IR camera, B&O Speakers ",Intel,121629,16780,9,11630,109999,81B47PA
53,HPPavilion35.6cmLaptop14-dv2041TU-Silver,12th Generation Intel® Core™ i5 processor,16,512,Windows 11 Home,35.6 cm,"Backlit keyboard, Fingerprint reader, Wide Vision 720p HD camera, B&O Speakers ",Intel,75450,10449,9,6951,68499,6K9C5PA
54,HPPavilion35.6cmx3602-in-1Laptop14-ek0084TU-Silver,12th Generation Intel® Core™ i5 processor,8,512,Windows 11 Home Single Language,35.6 cm,"Backlit keyboard, True Vision 5MP camera, B&O Speakers ",Intel,82574,11441,9,7575,74999,6Q0Z3PA
55,HPPavilion35.6cmLaptop14-dv2153TU-Silver,12th Generation Intel® Core™ i5 processor,16,1024,Windows 11 Home,35.6 cm,"Backlit keyboard, Fingerprint reader, Wide Vision 720p HD camera, B&O Speakers ",Intel,80499,10678,13,10500,69999,8Y2S3PA
56,HPEnvy39.6cmx3602-in-1LaptopOLED15-fe0014TX,13th Generation Intel® Core™ i7 processor,16,1024,Windows 11 Home,39.6 cm,"Backlit Keyboard, Wide Vision 5MP IR camera, B&O Speakers, Privacy Camera ",Intel,149588,20898,8,12589,136999,8C4R6PA
57,HPEnvy39.6cmx3602-in-1LaptopOLED15-fe0030TU,13th Generation Intel® Core™ i7 processor,16,512,Windows 11 Home,39.6 cm,"Backlit Keyboard, Wide Vision 5MP IR camera, B&O Speakers, Privacy Camera ",Intel,124858,17390,8,10859,113999,8C4R8PA
58,HPEnvy33.8cmx3602-in-1LaptopOLED13-bf0063TU-Blue,Intel® Evo™ platform powered by Intel® Core™ i7 processor,16,1024,Windows 11 Home,33.8 cm,"Backlit Keyboard, True Vision 5MP IR camera, B&O Speakers ",Intel,132871,18305,9,12872,119999,6L0L1PA
59,HPVictusGamingLaptop39.62cm15-fa0555TX,12th Generation Intel® Core™ i5 processor,16,512,Windows 11 Home,39.6 cm,Backlit keyboard with numeric keypad/Wide Vision 720p HD camera/B&O Speakers ,Intel,88646,10647,21,18847,69799,805X2PA
60,HPPavilion35.6cmx3602-in-1Laptop14-ek1010TU-Silver,13th Generation Intel® Core™ i5 processor,16,1024,Windows 11 Home,35.6 cm,"Backlit keyboard, Fingerprint reader, True Vision 5MP camera, B&O Speakers, Privacy Camera ",Intel,92746,12813,9,8747,83999,7N760PA
61,HPPavilion35.6cmLaptop14-dv2015TU-Silver,12th Generation Intel® Core™ i7 processor,16,1024,Windows 11 Home,35.6 cm,"Backlit keyboard, Fingerprint reader, Wide Vision 720p HD camera, B&O Speakers ",Intel,97867,12966,13,12868,84999,6K9J2PA
62,HPEnvy33.8cmx3602-in-1LaptopOLED13-bf0062TU-SpaceBlue,12th Generation Intel® Core™ i7 processor,16,512,Windows 11 Home,33.8 cm,"Backlit Keyboard, True Vision 5MP IR camera with camera shutter, B&O Speakers ",Intel,121630,16780,9,11631,109999,6L0L0PA
63,HPEnvy33.8cmx3602-in-1LaptopOLED13-bf0058TU-Blue,Intel® Evo™ platform powered by Intel® Core™ i5 processor,16,512,Windows 11 Home,33.78 cm,"Backlit Keyboard, True Vision 5MP IR camera, B&O Speakers ",Intel,110388,15254,9,10389,99999,6L0K9PA
64,HPPavilionPlus35.6cmLaptop14-eh0037TU-Silver,12th Generation Intel® Core™ i5 -12500H Processor,16,512,Windows 11 Home,35.6 cm,"Backlit keyboard, Fingerprint reader, True Vision 5MP camera, B&O Speakers ",Intel,97266,13195,11,10767,86499,77S54PA
65,HPEnvy39.6cmx3602-in-1Laptop15-fe0028TU,13th Generation Intel® Core™ i5 processor,16,512,Windows 11 Home,39.6 cm,"Backlit Keyboard, Wide Vision 5MP IR camera, B&O Speakers, Privacy Camera ",Intel,110244,15254,9,10245,99999,8C4R7PA
66,HPSpectre34.3cmx3602-in-1LaptopOLED14-ef0072TU-Blue,12th Gen Intel® Evo™ Powered by Core™ i7 Processor,16,512,Windows 11 Home,34.3 cm,"Backlit Keyboard, Fingerprint Reader, True Vision 5MP IR camera, B&O Speakers ",Intel,151755,20593,11,16756,134999,7G6F0PA
67,HPPavilionPlus35.6cmLaptop14-eh1022TU,13th Generation Intel® Core™ i5 processor,16,512,Windows 11 Home,35.6 cm,"Backlit keyboard, True Vision 5MP camera, B&O Speakers ",Intel,93876,12966,9,8877,84999,81B19PA
68,HPPavilion35.6cmx3602-in-1Laptop14-ek0074TU-Silver,12th Generation Intel® Core™ i5 processor,16,512,Windows 11 Home,35.6 cm,"Backlit keyboard, Fingerprint reader, True Vision 5MP camera, B&O Speakers ",Intel,87095,11822,11,9596,77499,6Q0Y9PA
69,HPPavilion35.6cmx3602-in-1Laptop14-ek0072TU-Gold,12th Generation Intel® Core™ i5 processor,16,512,Windows 11 Home,35.6 cm,"Backlit keyboard, Fingerprint reader, True Vision 5MP camera, B&O Speakers ",Intel,87095,12051,9,8096,78999,6Q0Y7PA
70,HPPavilion35.6cmx3602-in-1Laptop14-ek1020TU-Gold,13th Generation Intel® Core™ i7 processor,16,512,Windows 11 Home,35.6 cm,"Backlit keyboard, Fingerprint Reader, True Vision 5MP camera, B&O Speakers, Privacy Camera ",Intel,104047,14339,9,10048,93999,7Z1P8PA
71,HPEnvy39.6cmx3602-in-1Laptop15-fh0019AU,AMD Ryzen™ 7 processor,16,512,Windows 11 Home,39.6 cm,"Backlit Keyboard, Wide Vision 5MP IR camera, B&O Speakers, Privacy Camera ",AMD,99003,13881,8,8004,90999,8C4S3PA
72,HPPavilionPlus35.6cmLaptop14-ew0154TU-Blue,13th Generation Intel® Core™ i7 processor,16,1024,Windows 11 Pro,35.6 cm,"Backlit keyboard, Wide Vision 5MP IR camera, B&O Speakers, Privacy Camera ",Intel,132408,17542,13,17409,114999,92U78PA
73,HPPavilionPlus35.6cmLaptop14-ey0789AU-Silver,AMD Ryzen™ 7 processor,16,1024,Windows 11 Home,35.6 cm,"Backlit keyboard, Wide Vision 5MP IR camera, B&O Speakers, Privacy Camera ",AMD,105926,14034,13,13927,91999,92U77PA
74,HPPavilion35.6cmLaptop14-ec1003AU,AMD Ryzen™ 5-5625U Processor,8,512,Windows 11 Home,35.6 cm,"Backlit keyboard, Wide Vision 720p HD camera, B&O speakers ",AMD,61022,8085,13,8023,52999,689H4PA
75,HPPavilion35.6cmx3602-in-1Laptop14-ek1009TU-Gold,13th Generation Intel® Core™ i5 processor,16,1024,Windows 11 Home,35.6 cm,"Backlit keyboard, Fingerprint reader, True Vision 5MP camera, B&O Speakers, Privacy Camera ",Intel,92746,12813,9,8747,83999,7N759PA
76,HPEnvy33.8cmx3602-in-1LaptopOLED13-bf0141TU-Silver,12th Gen Intel® Evo™ Powered by Core™ i7 processor,16,512,Windows 11 Home,33.8 cm,"Backlit Keyboard, True Vision 5MP IR camera, B&O Speakers ",Intel,121629,16780,9,11630,109999,81B47PA
77,HPPavilion35.6cmLaptop14-dv2041TU-Silver,12th Generation Intel® Core™ i5 processor,16,512,Windows 11 Home,35.6 cm,"Backlit keyboard, Fingerprint reader, Wide Vision 720p HD camera, B&O Speakers ",Intel,75450,10449,9,6951,68499,6K9C5PA
78,HPPavilion35.6cmx3602-in-1Laptop14-ek0084TU-Silver,12th Generation Intel® Core™ i5 processor,8,512,Windows 11 Home Single Language,35.6 cm,"Backlit keyboard, True Vision 5MP camera, B&O Speakers ",Intel,82574,11441,9,7575,74999,6Q0Z3PA
79,HPPavilion35.6cmLaptop14-dv2153TU-Silver,12th Generation Intel® Core™ i5 processor,16,1024,Windows 11 Home,35.6 cm,"Backlit keyboard, Fingerprint reader, Wide Vision 720p HD camera, B&O Speakers ",Intel,80499,10678,13,10500,69999,8Y2S3PA
80,HPEnvy39.6cmx3602-in-1LaptopOLED15-fe0014TX,13th Generation Intel® Core™ i7 processor,16,1024,Windows 11 Home,39.6 cm,"Backlit Keyboard, Wide Vision 5MP IR camera, B&O Speakers, Privacy Camera ",Intel,149588,20898,8,12589,136999,8C4R6PA
81,HPEnvy39.6cmx3602-in-1LaptopOLED15-fe0030TU,13th Generation Intel® Core™ i7 processor,16,512,Windows 11 Home,39.6 cm,"Backlit Keyboard, Wide Vision 5MP IR camera, B&O Speakers, Privacy Camera ",Intel,124858,17390,8,10859,113999,8C4R8PA
82,HPEnvy33.8cmx3602-in-1LaptopOLED13-bf0063TU-Blue,Intel® Evo™ platform powered by Intel® Core™ i7 processor,16,1024,Windows 11 Home,33.8 cm,"Backlit Keyboard, True Vision 5MP IR camera, B&O Speakers ",Intel,132871,18305,9,12872,119999,6L0L1PA
83,HPVictusGamingLaptop39.62cm15-fa0555TX,12th Generation Intel® Core™ i5 processor,16,512,Windows 11 Home,39.6 cm,Backlit keyboard with numeric keypad/Wide Vision 720p HD camera/B&O Speakers ,Intel,88646,10647,21,18847,69799,805X2PA
84,HPPavilion35.6cmx3602-in-1Laptop14-ek1010TU-Silver,13th Generation Intel® Core™ i5 processor,16,1024,Windows 11 Home,35.6 cm,"Backlit keyboard, Fingerprint reader, True Vision 5MP camera, B&O Speakers, Privacy Camera ",Intel,92746,12813,9,8747,83999,7N760PA
85,HPPavilion35.6cmLaptop14-dv2015TU-Silver,12th Generation Intel® Core™ i7 processor,16,1024,Windows 11 Home,35.6 cm,"Backlit keyboard, Fingerprint reader, Wide Vision 720p HD camera, B&O Speakers ",Intel,97867,12966,13,12868,84999,6K9J2PA
86,HPEnvy33.8cmx3602-in-1LaptopOLED13-bf0062TU-SpaceBlue,12th Generation Intel® Core™ i7 processor,16,512,Windows 11 Home,33.8 cm,"Backlit Keyboard, True Vision 5MP IR camera with camera shutter, B&O Speakers ",Intel,121630,16780,9,11631,109999,6L0L0PA
87,HPEnvy33.8cmx3602-in-1LaptopOLED13-bf0058TU-Blue,Intel® Evo™ platform powered by Intel® Core™ i5 processor,16,512,Windows 11 Home,33.78 cm,"Backlit Keyboard, True Vision 5MP IR camera, B&O Speakers ",Intel,110388,15254,9,10389,99999,6L0K9PA
88,HPPavilionPlus35.6cmLaptop14-eh0037TU-Silver,12th Generation Intel® Core™ i5 -12500H Processor,16,512,Windows 11 Home,35.6 cm,"Backlit keyboard, Fingerprint reader, True Vision 5MP camera, B&O Speakers ",Intel,97266,13195,11,10767,86499,77S54PA
89,HPEnvy39.6cmx3602-in-1Laptop15-fe0028TU,13th Generation Intel® Core™ i5 processor,16,512,Windows 11 Home,39.6 cm,"Backlit Keyboard, Wide Vision 5MP IR camera, B&O Speakers, Privacy Camera ",Intel,110244,15254,9,10245,99999,8C4R7PA
90,HPSpectre34.3cmx3602-in-1LaptopOLED14-ef0072TU-Blue,12th Gen Intel® Evo™ Powered by Core™ i7 Processor,16,512,Windows 11 Home,34.3 cm,"Backlit Keyboard, Fingerprint Reader, True Vision 5MP IR camera, B&O Speakers ",Intel,151755,20593,11,16756,134999,7G6F0PA
91,HPPavilionPlus35.6cmLaptop14-eh1022TU,13th Generation Intel® Core™ i5 processor,16,512,Windows 11 Home,35.6 cm,"Backlit keyboard, True Vision 5MP camera, B&O Speakers ",Intel,93876,12966,9,8877,84999,81B19PA
92,HPPavilion35.6cmx3602-in-1Laptop14-ek0074TU-Silver,12th Generation Intel® Core™ i5 processor,16,512,Windows 11 Home,35.6 cm,"Backlit keyboard, Fingerprint reader, True Vision 5MP camera, B&O Speakers ",Intel,87095,11822,11,9596,77499,6Q0Y9PA
93,HPPavilion35.6cmx3602-in-1Laptop14-ek0072TU-Gold,12th Generation Intel® Core™ i5 processor,16,512,Windows 11 Home,35.6 cm,"Backlit keyboard, Fingerprint reader, True Vision 5MP camera, B&O Speakers ",Intel,87095,12051,9,8096,78999,6Q0Y7PA
94,HPPavilion35.6cmx3602-in-1Laptop14-ek1020TU-Gold,13th Generation Intel® Core™ i7 processor,16,512,Windows 11 Home,35.6 cm,"Backlit keyboard, Fingerprint Reader, True Vision 5MP camera, B&O Speakers, Privacy Camera ",Intel,104047,14339,9,10048,93999,7Z1P8PA
95,HPEnvy39.6cmx3602-in-1Laptop15-fh0019AU,AMD Ryzen™ 7 processor,16,512,Windows 11 Home,39.6 cm,"Backlit Keyboard, Wide Vision 5MP IR camera, B&O Speakers, Privacy Camera ",AMD,99003,13881,8,8004,90999,8C4S3PA
96,HPPavilionPlus35.6cmLaptop14-ew0154TU-Blue,13th Generation Intel® Core™ i7 processor,16,1024,Windows 11 Pro,35.6 cm,"Backlit keyboard, Wide Vision 5MP IR camera, B&O Speakers, Privacy Camera ",Intel,132408,17542,13,17409,114999,92U78PA
97,HPPavilionPlus35.6cmLaptop14-ey0789AU-Silver,AMD Ryzen™ 7 processor,16,1024,Windows 11 Home,35.6 cm,"Backlit keyboard, Wide Vision 5MP IR camera, B&O Speakers, Privacy Camera ",AMD,105926,14034,13,13927,91999,92U77PA
98,HPPavilion35.6cmLaptop14-ec1003AU,AMD Ryzen™ 5-5625U Processor,8,512,Windows 11 Home,35.6 cm,"Backlit keyboard, Wide Vision 720p HD camera, B&O speakers ",AMD,61022,8085,13,8023,52999,689H4PA
99,HPPavilion35.6cmx3602-in-1Laptop14-ek1009TU-Gold,13th Generation Intel® Core™ i5 processor,16,1024,Windows 11 Home,35.6 cm,"Backlit keyboard, Fingerprint reader, True Vision 5MP camera, B&O Speakers, Privacy Camera ",Intel,92746,12813,9,8747,83999,7N759PA
100,HPEnvy33.8cmx3602-in-1LaptopOLED13-bf0141TU-Silver,12th Gen Intel® Evo™ Powered by Core™ i7 processor,16,512,Windows 11 Home,33.8 cm,"Backlit Keyboard, True Vision 5MP IR camera, B&O Speakers ",Intel,121629,16780,9,11630,109999,81B47PA
101,HPPavilion35.6cmLaptop14-dv2041TU-Silver,12th Generation Intel® Core™ i5 processor,16,512,Windows 11 Home,35.6 cm,"Backlit keyboard, Fingerprint reader, Wide Vision 720p HD camera, B&O Speakers ",Intel,75450,10449,9,6951,68499,6K9C5PA
102,HPPavilion35.6cmx3602-in-1Laptop14-ek0084TU-Silver,12th Generation Intel® Core™ i5 processor,8,512,Windows 11 Home Single Language,35.6 cm,"Backlit keyboard, True Vision 5MP camera, B&O Speakers ",Intel,82574,11441,9,7575,74999,6Q0Z3PA
103,HPPavilion35.6cmLaptop14-dv2153TU-Silver,12th Generation Intel® Core™ i5 processor,16,1024,Windows 11 Home,35.6 cm,"Backlit keyboard, Fingerprint reader, Wide Vision 720p HD camera, B&O Speakers ",Intel,80499,10678,13,10500,69999,8Y2S3PA
104,HPEnvy39.6cmx3602-in-1LaptopOLED15-fe0014TX,13th Generation Intel® Core™ i7 processor,16,1024,Windows 11 Home,39.6 cm,"Backlit Keyboard, Wide Vision 5MP IR camera, B&O Speakers, Privacy Camera ",Intel,149588,20898,8,12589,136999,8C4R6PA
105,HPEnvy39.6cmx3602-in-1LaptopOLED15-fe0030TU,13th Generation Intel® Core™ i7 processor,16,512,Windows 11 Home,39.6 cm,"Backlit Keyboard, Wide Vision 5MP IR camera, B&O Speakers, Privacy Camera ",Intel,124858,17390,8,10859,113999,8C4R8PA
106,HPEnvy33.8cmx3602-in-1LaptopOLED13-bf0063TU-Blue,Intel® Evo™ platform powered by Intel® Core™ i7 processor,16,1024,Windows 11 Home,33.8 cm,"Backlit Keyboard, True Vision 5MP IR camera, B&O Speakers ",Intel,132871,18305,9,12872,119999,6L0L1PA
107,HPVictusGamingLaptop39.62cm15-fa0555TX,12th Generation Intel® Core™ i5 processor,16,512,Windows 11 Home,39.6 cm,Backlit keyboard with numeric keypad/Wide Vision 720p HD camera/B&O Speakers ,Intel,88646,10647,21,18847,69799,805X2PA
108,HPPavilion35.6cmx3602-in-1Laptop14-ek1010TU-Silver,13th Generation Intel® Core™ i5 processor,16,1024,Windows 11 Home,35.6 cm,"Backlit keyboard, Fingerprint reader, True Vision 5MP camera, B&O Speakers, Privacy Camera ",Intel,92746,12813,9,8747,83999,7N760PA
109,HPPavilion35.6cmLaptop14-dv2015TU-Silver,12th Generation Intel® Core™ i7 processor,16,1024,Windows 11 Home,35.6 cm,"Backlit keyboard, Fingerprint reader, Wide Vision 720p HD camera, B&O Speakers ",Intel,97867,12966,13,12868,84999,6K9J2PA
110,HPEnvy33.8cmx3602-in-1LaptopOLED13-bf0062TU-SpaceBlue,12th Generation Intel® Core™ i7 processor,16,512,Windows 11 Home,33.8 cm,"Backlit Keyboard, True Vision 5MP IR camera with camera shutter, B&O Speakers ",Intel,121630,16780,9,11631,109999,6L0L0PA
111,HPEnvy33.8cmx3602-in-1LaptopOLED13-bf0058TU-Blue,Intel® Evo™ platform powered by Intel® Core™ i5 processor,16,512,Windows 11 Home,33.78 cm,"Backlit Keyboard, True Vision 5MP IR camera, B&O Speakers ",Intel,110388,15254,9,10389,99999,6L0K9PA
112,HPPavilionPlus35.6cmLaptop14-eh0037TU-Silver,12th Generation Intel® Core™ i5 -12500H Processor,16,512,Windows 11 Home,35.6 cm,"Backlit keyboard, Fingerprint reader, True Vision 5MP camera, B&O Speakers ",Intel,97266,13195,11,10767,86499,77S54PA
113,HPEnvy39.6cmx3602-in-1Laptop15-fe0028TU,13th Generation Intel® Core™ i5 processor,16,512,Windows 11 Home,39.6 cm,"Backlit Keyboard, Wide Vision 5MP IR camera, B&O Speakers, Privacy Camera ",Intel,110244,15254,9,10245,99999,8C4R7PA
114,HPSpectre34.3cmx3602-in-1LaptopOLED14-ef0072TU-Blue,12th Gen Intel® Evo™ Powered by Core™ i7 Processor,16,512,Windows 11 Home,34.3 cm,"Backlit Keyboard, Fingerprint Reader, True Vision 5MP IR camera, B&O Speakers ",Intel,151755,20593,11,16756,134999,7G6F0PA
115,HPPavilionPlus35.6cmLaptop14-eh1022TU,13th Generation Intel® Core™ i5 processor,16,512,Windows 11 Home,35.6 cm,"Backlit keyboard, True Vision 5MP camera, B&O Speakers ",Intel,93876,12966,9,8877,84999,81B19PA
116,HPPavilion35.6cmx3602-in-1Laptop14-ek0074TU-Silver,12th Generation Intel® Core™ i5 processor,16,512,Windows 11 Home,35.6 cm,"Backlit keyboard, Fingerprint reader, True Vision 5MP camera, B&O Speakers ",Intel,87095,11822,11,9596,77499,6Q0Y9PA
117,HPPavilion35.6cmx3602-in-1Laptop14-ek0072TU-Gold,12th Generation Intel® Core™ i5 processor,16,512,Windows 11 Home,35.6 cm,"Backlit keyboard, Fingerprint reader, True Vision 5MP camera, B&O Speakers ",Intel,87095,12051,9,8096,78999,6Q0Y7PA
118,HPPavilion35.6cmx3602-in-1Laptop14-ek1020TU-Gold,13th Generation Intel® Core™ i7 processor,16,512,Windows 11 Home,35.6 cm,"Backlit keyboard, Fingerprint Reader, True Vision 5MP camera, B&O Speakers, Privacy Camera ",Intel,104047,14339,9,10048,93999,7Z1P8PA
119,HPEnvy39.6cmx3602-in-1Laptop15-fh0019AU,AMD Ryzen™ 7 processor,16,512,Windows 11 Home,39.6 cm,"Backlit Keyboard, Wide Vision 5MP IR camera, B&O Speakers, Privacy Camera ",AMD,99003,13881,8,8004,90999,8C4S3PA
120,HPPavilionPlus35.6cmLaptop14-ew0154TU-Blue,13th Generation Intel® Core™ i7 processor,16,1024,Windows 11 Pro,35.6 cm,"Backlit keyboard, Wide Vision 5MP IR camera, B&O Speakers, Privacy Camera ",Intel,132408,17542,13,17409,114999,92U78PA
121,HPPavilionPlus35.6cmLaptop14-ey0789AU-Silver,AMD Ryzen™ 7 processor,16,1024,Windows 11 Home,35.6 cm,"Backlit keyboard, Wide Vision 5MP IR camera, B&O Speakers, Privacy Camera ",AMD,105926,14034,13,13927,91999,92U77PA
122,HPPavilion35.6cmLaptop14-ec1003AU,AMD Ryzen™ 5-5625U Processor,8,512,Windows 11 Home,35.6 cm,"Backlit keyboard, Wide Vision 720p HD camera, B&O speakers ",AMD,61022,8085,13,8023,52999,689H4PA
123,HPPavilion35.6cmx3602-in-1Laptop14-ek1009TU-Gold,13th Generation Intel® Core™ i5 processor,16,1024,Windows 11 Home,35.6 cm,"Backlit keyboard, Fingerprint reader, True Vision 5MP camera, B&O Speakers, Privacy Camera ",Intel,92746,12813,9,8747,83999,7N759PA
124,HPEnvy33.8cmx3602-in-1LaptopOLED13-bf0141TU-Silver,12th Gen Intel® Evo™ Powered by Core™ i7 processor,16,512,Windows 11 Home,33.8 cm,"Backlit Keyboard, True Vision 5MP IR camera, B&O Speakers ",Intel,121629,16780,9,11630,109999,81B47PA
125,HPPavilion35.6cmLaptop14-dv2041TU-Silver,12th Generation Intel® Core™ i5 processor,16,512,Windows 11 Home,35.6 cm,"Backlit keyboard, Fingerprint reader, Wide Vision 720p HD camera, B&O Speakers ",Intel,75450,10449,9,6951,68499,6K9C5PA
126,HPPavilion35.6cmx3602-in-1Laptop14-ek0084TU-Silver,12th Generation Intel® Core™ i5 processor,8,512,Windows 11 Home Single Language,35.6 cm,"Backlit keyboard, True Vision 5MP camera, B&O Speakers ",Intel,82574,11441,9,7575,74999,6Q0Z3PA
127,HPPavilion35.6cmLaptop14-dv2153TU-Silver,12th Generation Intel® Core™ i5 processor,16,1024,Windows 11 Home,35.6 cm,"Backlit keyboard, Fingerprint reader, Wide Vision 720p HD camera, B&O Speakers ",Intel,80499,10678,13,10500,69999,8Y2S3PA
128,HPEnvy39.6cmx3602-in-1LaptopOLED15-fe0014TX,13th Generation Intel® Core™ i7 processor,16,1024,Windows 11 Home,39.6 cm,"Backlit Keyboard, Wide Vision 5MP IR camera, B&O Speakers, Privacy Camera ",Intel,149588,20898,8,12589,136999,8C4R6PA
129,HPEnvy39.6cmx3602-in-1LaptopOLED15-fe0030TU,13th Generation Intel® Core™ i7 processor,16,512,Windows 11 Home,39.6 cm,"Backlit Keyboard, Wide Vision 5MP IR camera, B&O Speakers, Privacy Camera ",Intel,124858,17390,8,10859,113999,8C4R8PA
130,HPEnvy33.8cmx3602-in-1LaptopOLED13-bf0063TU-Blue,Intel® Evo™ platform powered by Intel® Core™ i7 processor,16,1024,Windows 11 Home,33.8 cm,"Backlit Keyboard, True Vision 5MP IR camera, B&O Speakers ",Intel,132871,18305,9,12872,119999,6L0L1PA
131,HPVictusGamingLaptop39.62cm15-fa0555TX,12th Generation Intel® Core™ i5 processor,16,512,Windows 11 Home,39.6 cm,Backlit keyboard with numeric keypad/Wide Vision 720p HD camera/B&O Speakers ,Intel,88646,10647,21,18847,69799,805X2PA
132,HPPavilion35.6cmx3602-in-1Laptop14-ek1010TU-Silver,13th Generation Intel® Core™ i5 processor,16,1024,Windows 11 Home,35.6 cm,"Backlit keyboard, Fingerprint reader, True Vision 5MP camera, B&O Speakers, Privacy Camera ",Intel,92746,12813,9,8747,83999,7N760PA
133,HPPavilion35.6cmLaptop14-dv2015TU-Silver,12th Generation Intel® Core™ i7 processor,16,1024,Windows 11 Home,35.6 cm,"Backlit keyboard, Fingerprint reader, Wide Vision 720p HD camera, B&O Speakers ",Intel,97867,12966,13,12868,84999,6K9J2PA
134,HPEnvy33.8cmx3602-in-1LaptopOLED13-bf0062TU-SpaceBlue,12th Generation Intel® Core™ i7 processor,16,512,Windows 11 Home,33.8 cm,"Backlit Keyboard, True Vision 5MP IR camera with camera shutter, B&O Speakers ",Intel,121630,16780,9,11631,109999,6L0L0PA
135,HPEnvy33.8cmx3602-in-1LaptopOLED13-bf0058TU-Blue,Intel® Evo™ platform powered by Intel® Core™ i5 processor,16,512,Windows 11 Home,33.78 cm,"Backlit Keyboard, True Vision 5MP IR camera, B&O Speakers ",Intel,110388,15254,9,10389,99999,6L0K9PA
136,HPPavilionPlus35.6cmLaptop14-eh0037TU-Silver,12th Generation Intel® Core™ i5 -12500H Processor,16,512,Windows 11 Home,35.6 cm,"Backlit keyboard, Fingerprint reader, True Vision 5MP camera, B&O Speakers ",Intel,97266,13195,11,10767,86499,77S54PA
137,HPEnvy39.6cmx3602-in-1Laptop15-fe0028TU,13th Generation Intel® Core™ i5 processor,16,512,Windows 11 Home,39.6 cm,"Backlit Keyboard, Wide Vision 5MP IR camera, B&O Speakers, Privacy Camera ",Intel,110244,15254,9,10245,99999,8C4R7PA
138,HPSpectre34.3cmx3602-in-1LaptopOLED14-ef0072TU-Blue,12th Gen Intel® Evo™ Powered by Core™ i7 Processor,16,512,Windows 11 Home,34.3 cm,"Backlit Keyboard, Fingerprint Reader, True Vision 5MP IR camera, B&O Speakers ",Intel,151755,20593,11,16756,134999,7G6F0PA
139,HPPavilionPlus35.6cmLaptop14-eh1022TU,13th Generation Intel® Core™ i5 processor,16,512,Windows 11 Home,35.6 cm,"Backlit keyboard, True Vision 5MP camera, B&O Speakers ",Intel,93876,12966,9,8877,84999,81B19PA
140,HPPavilion35.6cmx3602-in-1Laptop14-ek0074TU-Silver,12th Generation Intel® Core™ i5 processor,16,512,Windows 11 Home,35.6 cm,"Backlit keyboard, Fingerprint reader, True Vision 5MP camera, B&O Speakers ",Intel,87095,11822,11,9596,77499,6Q0Y9PA
141,HPPavilion35.6cmx3602-in-1Laptop14-ek0072TU-Gold,12th Generation Intel® Core™ i5 processor,16,512,Windows 11 Home,35.6 cm,"Backlit keyboard, Fingerprint reader, True Vision 5MP camera, B&O Speakers ",Intel,87095,12051,9,8096,78999,6Q0Y7PA
142,HPPavilion35.6cmx3602-in-1Laptop14-ek1020TU-Gold,13th Generation Intel® Core™ i7 processor,16,512,Windows 11 Home,35.6 cm,"Backlit keyboard, Fingerprint Reader, True Vision 5MP camera, B&O Speakers, Privacy Camera ",Intel,104047,14339,9,10048,93999,7Z1P8PA
143,HPEnvy39.6cmx3602-in-1Laptop15-fh0019AU,AMD Ryzen™ 7 processor,16,512,Windows 11 Home,39.6 cm,"Backlit Keyboard, Wide Vision 5MP IR camera, B&O Speakers, Privacy Camera ",AMD,99003,13881,8,8004,90999,8C4S3PA
144,HPPavilionPlus35.6cmLaptop14-ew0154TU-Blue,13th Generation Intel® Core™ i7 processor,16,1024,Windows 11 Pro,35.6 cm,"Backlit keyboard, Wide Vision 5MP IR camera, B&O Speakers, Privacy Camera ",Intel,132408,17542,13,17409,114999,92U78PA
145,HPPavilionPlus35.6cmLaptop14-ey0789AU-Silver,AMD Ryzen™ 7 processor,16,1024,Windows 11 Home,35.6 cm,"Backlit keyboard, Wide Vision 5MP IR camera, B&O Speakers, Privacy Camera ",AMD,105926,14034,13,13927,91999,92U77PA
146,HPPavilion35.6cmLaptop14-ec1003AU,AMD Ryzen™ 5-5625U Processor,8,512,Windows 11 Home,35.6 cm,"Backlit keyboard, Wide Vision 720p HD camera, B&O speakers ",AMD,61022,8085,13,8023,52999,689H4PA
147,HPPavilion35.6cmx3602-in-1Laptop14-ek1009TU-Gold,13th Generation Intel® Core™ i5 processor,16,1024,Windows 11 Home,35.6 cm,"Backlit keyboard, Fingerprint reader, True Vision 5MP camera, B&O Speakers, Privacy Camera ",Intel,92746,12813,9,8747,83999,7N759PA
148,HPEnvy33.8cmx3602-in-1LaptopOLED13-bf0141TU-Silver,12th Gen Intel® Evo™ Powered by Core™ i7 processor,16,512,Windows 11 Home,33.8 cm,"Backlit Keyboard, True Vision 5MP IR camera, B&O Speakers ",Intel,121629,16780,9,11630,109999,81B47PA
149,HPPavilion35.6cmLaptop14-dv2041TU-Silver,12th Generation Intel® Core™ i5 processor,16,512,Windows 11 Home,35.6 cm,"Backlit keyboard, Fingerprint reader, Wide Vision 720p HD camera, B&O Speakers ",Intel,75450,10449,9,6951,68499,6K9C5PA
150,HPPavilion35.6cmx3602-in-1Laptop14-ek0084TU-Silver,12th Generation Intel® Core™ i5 processor,8,512,Windows 11 Home Single Language,35.6 cm,"Backlit keyboard, True Vision 5MP camera, B&O Speakers ",Intel,82574,11441,9,7575,74999,6Q0Z3PA
151,HPPavilion35.6cmLaptop14-dv2153TU-Silver,12th Generation Intel® Core™ i5 processor,16,1024,Windows 11 Home,35.6 cm,"Backlit keyboard, Fingerprint reader, Wide Vision 720p HD camera, B&O Speakers ",Intel,80499,10678,13,10500,69999,8Y2S3PA
152,HPEnvy39.6cmx3602-in-1LaptopOLED15-fe0014TX,13th Generation Intel® Core™ i7 processor,16,1024,Windows 11 Home,39.6 cm,"Backlit Keyboard, Wide Vision 5MP IR camera, B&O Speakers, Privacy Camera ",Intel,149588,20898,8,12589,136999,8C4R6PA
153,HPEnvy39.6cmx3602-in-1LaptopOLED15-fe0030TU,13th Generation Intel® Core™ i7 processor,16,512,Windows 11 Home,39.6 cm,"Backlit Keyboard, Wide Vision 5MP IR camera, B&O Speakers, Privacy Camera ",Intel,124858,17390,8,10859,113999,8C4R8PA
154,HPEnvy33.8cmx3602-in-1LaptopOLED13-bf0063TU-Blue,Intel® Evo™ platform powered by Intel® Core™ i7 processor,16,1024,Windows 11 Home,33.8 cm,"Backlit Keyboard, True Vision 5MP IR camera, B&O Speakers ",Intel,132871,18305,9,12872,119999,6L0L1PA
155,HPVictusGamingLaptop39.62cm15-fa0555TX,12th Generation Intel® Core™ i5 processor,16,512,Windows 11 Home,39.6 cm,Backlit keyboard with numeric keypad/Wide Vision 720p HD camera/B&O Speakers ,Intel,88646,10647,21,18847,69799,805X2PA
156,HPPavilion35.6cmx3602-in-1Laptop14-ek1010TU-Silver,13th Generation Intel® Core™ i5 processor,16,1024,Windows 11 Home,35.6 cm,"Backlit keyboard, Fingerprint reader, True Vision 5MP camera, B&O Speakers, Privacy Camera ",Intel,92746,12813,9,8747,83999,7N760PA
157,HPPavilion35.6cmLaptop14-dv2015TU-Silver,12th Generation Intel® Core™ i7 processor,16,1024,Windows 11 Home,35.6 cm,"Backlit keyboard, Fingerprint reader, Wide Vision 720p HD camera, B&O Speakers ",Intel,97867,12966,13,12868,84999,6K9J2PA
158,HPEnvy33.8cmx3602-in-1LaptopOLED13-bf0062TU-SpaceBlue,12th Generation Intel® Core™ i7 processor,16,512,Windows 11 Home,33.8 cm,"Backlit Keyboard, True Vision 5MP IR camera with camera shutter, B&O Speakers ",Intel,121630,16780,9,11631,109999,6L0L0PA
159,HPEnvy33.8cmx3602-in-1LaptopOLED13-bf0058TU-Blue,Intel® Evo™ platform powered by Intel® Core™ i5 processor,16,512,Windows 11 Home,33.78 cm,"Backlit Keyboard, True Vision 5MP IR camera, B&O Speakers ",Intel,110388,15254,9,10389,99999,6L0K9PA
160,HPPavilionPlus35.6cmLaptop14-eh0037TU-Silver,12th Generation Intel® Core™ i5 -12500H Processor,16,512,Windows 11 Home,35.6 cm,"Backlit keyboard, Fingerprint reader, True Vision 5MP camera, B&O Speakers ",Intel,97266,13195,11,10767,86499,77S54PA
161,HPEnvy39.6cmx3602-in-1Laptop15-fe0028TU,13th Generation Intel® Core™ i5 processor,16,512,Windows 11 Home,39.6 cm,"Backlit Keyboard, Wide Vision 5MP IR camera, B&O Speakers, Privacy Camera ",Intel,110244,15254,9,10245,99999,8C4R7PA
162,HPSpectre34.3cmx3602-in-1LaptopOLED14-ef0072TU-Blue,12th Gen Intel® Evo™ Powered by Core™ i7 Processor,16,512,Windows 11 Home,34.3 cm,"Backlit Keyboard, Fingerprint Reader, True Vision 5MP IR camera, B&O Speakers ",Intel,151755,20593,11,16756,134999,7G6F0PA
163,HPPavilionPlus35.6cmLaptop14-eh1022TU,13th Generation Intel® Core™ i5 processor,16,512,Windows 11 Home,35.6 cm,"Backlit keyboard, True Vision 5MP camera, B&O Speakers ",Intel,93876,12966,9,8877,84999,81B19PA
164,HPPavilion35.6cmx3602-in-1Laptop14-ek0074TU-Silver,12th Generation Intel® Core™ i5 processor,16,512,Windows 11 Home,35.6 cm,"Backlit keyboard, Fingerprint reader, True Vision 5MP camera, B&O Speakers ",Intel,87095,11822,11,9596,77499,6Q0Y9PA
165,HPPavilion35.6cmx3602-in-1Laptop14-ek0072TU-Gold,12th Generation Intel® Core™ i5 processor,16,512,Windows 11 Home,35.6 cm,"Backlit keyboard, Fingerprint reader, True Vision 5MP camera, B&O Speakers ",Intel,87095,12051,9,8096,78999,6Q0Y7PA
166,HPPavilion35.6cmx3602-in-1Laptop14-ek1020TU-Gold,13th Generation Intel® Core™ i7 processor,16,512,Windows 11 Home,35.6 cm,"Backlit keyboard, Fingerprint Reader, True Vision 5MP camera, B&O Speakers, Privacy Camera ",Intel,104047,14339,9,10048,93999,7Z1P8PA
167,HPEnvy39.6cmx3602-in-1Laptop15-fh0019AU,AMD Ryzen™ 7 processor,16,512,Windows 11 Home,39.6 cm,"Backlit Keyboard, Wide Vision 5MP IR camera, B&O Speakers, Privacy Camera ",AMD,99003,13881,8,8004,90999,8C4S3PA
168,HPPavilionPlus35.6cmLaptop14-ew0154TU-Blue,13th Generation Intel® Core™ i7 processor,16,1024,Windows 11 Pro,35.6 cm,"Backlit keyboard, Wide Vision 5MP IR camera, B&O Speakers, Privacy Camera ",Intel,132408,17542,13,17409,114999,92U78PA
169,HPPavilionPlus35.6cmLaptop14-ey0789AU-Silver,AMD Ryzen™ 7 processor,16,1024,Windows 11 Home,35.6 cm,"Backlit keyboard, Wide Vision 5MP IR camera, B&O Speakers, Privacy Camera ",AMD,105926,14034,13,13927,91999,92U77PA
170,HPPavilion35.6cmLaptop14-ec1003AU,AMD Ryzen™ 5-5625U Processor,8,512,Windows 11 Home,35.6 cm,"Backlit keyboard, Wide Vision 720p HD camera, B&O speakers ",AMD,61022,8085,13,8023,52999,689H4PA
171,HPPavilion35.6cmx3602-in-1Laptop14-ek1009TU-Gold,13th Generation Intel® Core™ i5 processor,16,1024,Windows 11 Home,35.6 cm,"Backlit keyboard, Fingerprint reader, True Vision 5MP camera, B&O Speakers, Privacy Camera ",Intel,92746,12813,9,8747,83999,7N759PA
172,HPEnvy33.8cmx3602-in-1LaptopOLED13-bf0141TU-Silver,12th Gen Intel® Evo™ Powered by Core™ i7 processor,16,512,Windows 11 Home,33.8 cm,"Backlit Keyboard, True Vision 5MP IR camera, B&O Speakers ",Intel,121629,16780,9,11630,109999,81B47PA
173,HPPavilion35.6cmLaptop14-dv2041TU-Silver,12th Generation Intel® Core™ i5 processor,16,512,Windows 11 Home,35.6 cm,"Backlit keyboard, Fingerprint reader, Wide Vision 720p HD camera, B&O Speakers ",Intel,75450,10449,9,6951,68499,6K9C5PA
174,HPPavilion35.6cmx3602-in-1Laptop14-ek0084TU-Silver,12th Generation Intel® Core™ i5 processor,8,512,Windows 11 Home Single Language,35.6 cm,"Backlit keyboard, True Vision 5MP camera, B&O Speakers ",Intel,82574,11441,9,7575,74999,6Q0Z3PA
175,HPPavilion35.6cmLaptop14-dv2153TU-Silver,12th Generation Intel® Core™ i5 processor,16,1024,Windows 11 Home,35.6 cm,"Backlit keyboard, Fingerprint reader, Wide Vision 720p HD camera, B&O Speakers ",Intel,80499,10678,13,10500,69999,8Y2S3PA
176,HPEnvy39.6cmx3602-in-1LaptopOLED15-fe0014TX,13th Generation Intel® Core™ i7 processor,16,1024,Windows 11 Home,39.6 cm,"Backlit Keyboard, Wide Vision 5MP IR camera, B&O Speakers, Privacy Camera ",Intel,149588,20898,8,12589,136999,8C4R6PA
177,HPEnvy39.6cmx3602-in-1LaptopOLED15-fe0030TU,13th Generation Intel® Core™ i7 processor,16,512,Windows 11 Home,39.6 cm,"Backlit Keyboard, Wide Vision 5MP IR camera, B&O Speakers, Privacy Camera ",Intel,124858,17390,8,10859,113999,8C4R8PA
178,HPEnvy33.8cmx3602-in-1LaptopOLED13-bf0063TU-Blue,Intel® Evo™ platform powered by Intel® Core™ i7 processor,16,1024,Windows 11 Home,33.8 cm,"Backlit Keyboard, True Vision 5MP IR camera, B&O Speakers ",Intel,132871,18305,9,12872,119999,6L0L1PA
179,HPVictusGamingLaptop39.62cm15-fa0555TX,12th Generation Intel® Core™ i5 processor,16,512,Windows 11 Home,39.6 cm,Backlit keyboard with numeric keypad/Wide Vision 720p HD camera/B&O Speakers ,Intel,88646,10647,21,18847,69799,805X2PA
180,HPPavilion35.6cmx3602-in-1Laptop14-ek1010TU-Silver,13th Generation Intel® Core™ i5 processor,16,1024,Windows 11 Home,35.6 cm,"Backlit keyboard, Fingerprint reader, True Vision 5MP camera, B&O Speakers, Privacy Camera ",Intel,92746,12813,9,8747,83999,7N760PA
181,HPPavilion35.6cmLaptop14-dv2015TU-Silver,12th Generation Intel® Core™ i7 processor,16,1024,Windows 11 Home,35.6 cm,"Backlit keyboard, Fingerprint reader, Wide Vision 720p HD camera, B&O Speakers ",Intel,97867,12966,13,12868,84999,6K9J2PA
182,HPEnvy33.8cmx3602-in-1LaptopOLED13-bf0062TU-SpaceBlue,12th Generation Intel® Core™ i7 processor,16,512,Windows 11 Home,33.8 cm,"Backlit Keyboard, True Vision 5MP IR camera with camera shutter, B&O Speakers ",Intel,121630,16780,9,11631,109999,6L0L0PA
183,HPEnvy33.8cmx3602-in-1LaptopOLED13-bf0058TU-Blue,Intel® Evo™ platform powered by Intel® Core™ i5 processor,16,512,Windows 11 Home,33.78 cm,"Backlit Keyboard, True Vision 5MP IR camera, B&O Speakers ",Intel,110388,15254,9,10389,99999,6L0K9PA
184,HPPavilionPlus35.6cmLaptop14-eh0037TU-Silver,12th Generation Intel® Core™ i5 -12500H Processor,16,512,Windows 11 Home,35.6 cm,"Backlit keyboard, Fingerprint reader, True Vision 5MP camera, B&O Speakers ",Intel,97266,13195,11,10767,86499,77S54PA
185,HPEnvy39.6cmx3602-in-1Laptop15-fe0028TU,13th Generation Intel® Core™ i5 processor,16,512,Windows 11 Home,39.6 cm,"Backlit Keyboard, Wide Vision 5MP IR camera, B&O Speakers, Privacy Camera ",Intel,110244,15254,9,10245,99999,8C4R7PA
186,HPSpectre34.3cmx3602-in-1LaptopOLED14-ef0072TU-Blue,12th Gen Intel® Evo™ Powered by Core™ i7 Processor,16,512,Windows 11 Home,34.3 cm,"Backlit Keyboard, Fingerprint Reader, True Vision 5MP IR camera, B&O Speakers ",Intel,151755,20593,11,16756,134999,7G6F0PA
187,HPPavilionPlus35.6cmLaptop14-eh1022TU,13th Generation Intel® Core™ i5 processor,16,512,Windows 11 Home,35.6 cm,"Backlit keyboard, True Vision 5MP camera, B&O Speakers ",Intel,93876,12966,9,8877,84999,81B19PA
188,HPPavilion35.6cmx3602-in-1Laptop14-ek0074TU-Silver,12th Generation Intel® Core™ i5 processor,16,512,Windows 11 Home,35.6 cm,"Backlit keyboard, Fingerprint reader, True Vision 5MP camera, B&O Speakers ",Intel,87095,11822,11,9596,77499,6Q0Y9PA
189,HPPavilion35.6cmx3602-in-1Laptop14-ek0072TU-Gold,12th Generation Intel® Core™ i5 processor,16,512,Windows 11 Home,35.6 cm,"Backlit keyboard, Fingerprint reader, True Vision 5MP camera, B&O Speakers ",Intel,87095,12051,9,8096,78999,6Q0Y7PA
190,HPPavilion35.6cmx3602-in-1Laptop14-ek1020TU-Gold,13th Generation Intel® Core™ i7 processor,16,512,Windows 11 Home,35.6 cm,"Backlit keyboard, Fingerprint Reader, True Vision 5MP camera, B&O Speakers, Privacy Camera ",Intel,104047,14339,9,10048,93999,7Z1P8PA
191,HPEnvy39.6cmx3602-in-1Laptop15-fh0019AU,AMD Ryzen™ 7 processor,16,512,Windows 11 Home,39.6 cm,"Backlit Keyboard, Wide Vision 5MP IR camera, B&O Speakers, Privacy Camera ",AMD,99003,13881,8,8004,90999,8C4S3PA
192,HPPavilionPlus35.6cmLaptop14-ew0154TU-Blue,13th Generation Intel® Core™ i7 processor,16,1024,Windows 11 Pro,35.6 cm,"Backlit keyboard, Wide Vision 5MP IR camera, B&O Speakers, Privacy Camera ",Intel,132408,17542,13,17409,114999,92U78PA
193,HPPavilionPlus35.6cmLaptop14-ey0789AU-Silver,AMD Ryzen™ 7 processor,16,1024,Windows 11 Home,35.6 cm,"Backlit keyboard, Wide Vision 5MP IR camera, B&O Speakers, Privacy Camera ",AMD,105926,14034,13,13927,91999,92U77PA
194,HPPavilion35.6cmLaptop14-ec1003AU,AMD Ryzen™ 5-5625U Processor,8,512,Windows 11 Home,35.6 cm,"Backlit keyboard, Wide Vision 720p HD camera, B&O speakers ",AMD,61022,8085,13,8023,52999,689H4PA
195,HPPavilion35.6cmx3602-in-1Laptop14-ek1009TU-Gold,13th Generation Intel® Core™ i5 processor,16,1024,Windows 11 Home,35.6 cm,"Backlit keyboard, Fingerprint reader, True Vision 5MP camera, B&O Speakers, Privacy Camera ",Intel,92746,12813,9,8747,83999,7N759PA
196,HPEnvy33.8cmx3602-in-1LaptopOLED13-bf0141TU-Silver,12th Gen Intel® Evo™ Powered by Core™ i7 processor,16,512,Windows 11 Home,33.8 cm,"Backlit Keyboard, True Vision 5MP IR camera, B&O Speakers ",Intel,121629,16780,9,11630,109999,81B47PA
197,HPPavilion35.6cmLaptop14-dv2041TU-Silver,12th Generation Intel® Core™ i5 processor,16,512,Windows 11 Home,35.6 cm,"Backlit keyboard, Fingerprint reader, Wide Vision 720p HD camera, B&O Speakers ",Intel,75450,10449,9,6951,68499,6K9C5PA
198,HPPavilion35.6cmx3602-in-1Laptop14-ek0084TU-Silver,12th Generation Intel® Core™ i5 processor,8,512,Windows 11 Home Single Language,35.6 cm,"Backlit keyboard, True Vision 5MP camera, B&O Speakers ",Intel,82574,11441,9,7575,74999,6Q0Z3PA
199,HPPavilion35.6cmLaptop14-dv2153TU-Silver,12th Generation Intel® Core™ i5 processor,16,1024,Windows 11 Home,35.6 cm,"Backlit keyboard, Fingerprint reader, Wide Vision 720p HD camera, B&O Speakers ",Intel,80499,10678,13,10500,69999,8Y2S3PA
200,HPEnvy39.6cmx3602-in-1LaptopOLED15-fe0014TX,13th Generation Intel® Core™ i7 processor,16,1024,Windows 11 Home,39.6 cm,"Backlit Keyboard, Wide Vision 5MP IR camera, B&O Speakers, Privacy Camera ",Intel,149588,20898,8,12589,136999,8C4R6PA
201,HPEnvy39.6cmx3602-in-1LaptopOLED15-fe0030TU,13th Generation Intel® Core™ i7 processor,16,512,Windows 11 Home,39.6 cm,"Backlit Keyboard, Wide Vision 5MP IR camera, B&O Speakers, Privacy Camera ",Intel,124858,17390,8,10859,113999,8C4R8PA
202,HPEnvy33.8cmx3602-in-1LaptopOLED13-bf0063TU-Blue,Intel® Evo™ platform powered by Intel® Core™ i7 processor,16,1024,Windows 11 Home,33.8 cm,"Backlit Keyboard, True Vision 5MP IR camera, B&O Speakers ",Intel,132871,18305,9,12872,119999,6L0L1PA
203,HPVictusGamingLaptop39.62cm15-fa0555TX,12th Generation Intel® Core™ i5 processor,16,512,Windows 11 Home,39.6 cm,Backlit keyboard with numeric keypad/Wide Vision 720p HD camera/B&O Speakers ,Intel,88646,10647,21,18847,69799,805X2PA
204,HPPavilion35.6cmx3602-in-1Laptop14-ek1010TU-Silver,13th Generation Intel® Core™ i5 processor,16,1024,Windows 11 Home,35.6 cm,"Backlit keyboard, Fingerprint reader, True Vision 5MP camera, B&O Speakers, Privacy Camera ",Intel,92746,12813,9,8747,83999,7N760PA
205,HPPavilion35.6cmLaptop14-dv2015TU-Silver,12th Generation Intel® Core™ i7 processor,16,1024,Windows 11 Home,35.6 cm,"Backlit keyboard, Fingerprint reader, Wide Vision 720p HD camera, B&O Speakers ",Intel,97867,12966,13,12868,84999,6K9J2PA
206,HPEnvy33.8cmx3602-in-1LaptopOLED13-bf0062TU-SpaceBlue,12th Generation Intel® Core™ i7 processor,16,512,Windows 11 Home,33.8 cm,"Backlit Keyboard, True Vision 5MP IR camera with camera shutter, B&O Speakers ",Intel,121630,16780,9,11631,109999,6L0L0PA
207,HPEnvy33.8cmx3602-in-1LaptopOLED13-bf0058TU-Blue,Intel® Evo™ platform powered by Intel® Core™ i5 processor,16,512,Windows 11 Home,33.78 cm,"Backlit Keyboard, True Vision 5MP IR camera, B&O Speakers ",Intel,110388,15254,9,10389,99999,6L0K9PA
208,HPPavilionPlus35.6cmLaptop14-eh0037TU-Silver,12th Generation Intel® Core™ i5 -12500H Processor,16,512,Windows 11 Home,35.6 cm,"Backlit keyboard, Fingerprint reader, True Vision 5MP camera, B&O Speakers ",Intel,97266,13195,11,10767,86499,77S54PA
209,HPEnvy39.6cmx3602-in-1Laptop15-fe0028TU,13th Generation Intel® Core™ i5 processor,16,512,Windows 11 Home,39.6 cm,"Backlit Keyboard, Wide Vision 5MP IR camera, B&O Speakers, Privacy Camera ",Intel,110244,15254,9,10245,99999,8C4R7PA
210,HPSpectre34.3cmx3602-in-1LaptopOLED14-ef0072TU-Blue,12th Gen Intel® Evo™ Powered by Core™ i7 Processor,16,512,Windows 11 Home,34.3 cm,"Backlit Keyboard, Fingerprint Reader, True Vision 5MP IR camera, B&O Speakers ",Intel,151755,20593,11,16756,134999,7G6F0PA
211,HPPavilionPlus35.6cmLaptop14-eh1022TU,13th Generation Intel® Core™ i5 processor,16,512,Windows 11 Home,35.6 cm,"Backlit keyboard, True Vision 5MP camera, B&O Speakers ",Intel,93876,12966,9,8877,84999,81B19PA
212,HPPavilion35.6cmx3602-in-1Laptop14-ek0074TU-Silver,12th Generation Intel® Core™ i5 processor,16,512,Windows 11 Home,35.6 cm,"Backlit keyboard, Fingerprint reader, True Vision 5MP camera, B&O Speakers ",Intel,87095,11822,11,9596,77499,6Q0Y9PA
213,HPPavilion35.6cmx3602-in-1Laptop14-ek0072TU-Gold,12th Generation Intel® Core™ i5 processor,16,512,Windows 11 Home,35.6 cm,"Backlit keyboard, Fingerprint reader, True Vision 5MP camera, B&O Speakers ",Intel,87095,12051,9,8096,78999,6Q0Y7PA
214,HPPavilion35.6cmx3602-in-1Laptop14-ek1020TU-Gold,13th Generation Intel® Core™ i7 processor,16,512,Windows 11 Home,35.6 cm,"Backlit keyboard, Fingerprint Reader, True Vision 5MP camera, B&O Speakers, Privacy Camera ",Intel,104047,14339,9,10048,93999,7Z1P8PA
215,HPEnvy39.6cmx3602-in-1Laptop15-fh0019AU,AMD Ryzen™ 7 processor,16,512,Windows 11 Home,39.6 cm,"Backlit Keyboard, Wide Vision 5MP IR camera, B&O Speakers, Privacy Camera ",AMD,99003,13881,8,8004,90999,8C4S3PA
216,HPPavilionPlus35.6cmLaptop14-ew0154TU-Blue,13th Generation Intel® Core™ i7 processor,16,1024,Windows 11 Pro,35.6 cm,"Backlit keyboard, Wide Vision 5MP IR camera, B&O Speakers, Privacy Camera ",Intel,132408,17542,13,17409,114999,92U78PA
217,HPPavilionPlus35.6cmLaptop14-ey0789AU-Silver,AMD Ryzen™ 7 processor,16,1024,Windows 11 Home,35.6 cm,"Backlit keyboard, Wide Vision 5MP IR camera, B&O Speakers, Privacy Camera ",AMD,105926,14034,13,13927,91999,92U77PA
218,HPPavilion35.6cmLaptop14-ec1003AU,AMD Ryzen™ 5-5625U Processor,8,512,Windows 11 Home,35.6 cm,"Backlit keyboard, Wide Vision 720p HD camera, B&O speakers ",AMD,61022,8085,13,8023,52999,689H4PA
219,HPPavilion35.6cmx3602-in-1Laptop14-ek1009TU-Gold,13th Generation Intel® Core™ i5 processor,16,1024,Windows 11 Home,35.6 cm,"Backlit keyboard, Fingerprint reader, True Vision 5MP camera, B&O Speakers, Privacy Camera ",Intel,92746,12813,9,8747,83999,7N759PA
220,HPEnvy33.8cmx3602-in-1LaptopOLED13-bf0141TU-Silver,12th Gen Intel® Evo™ Powered by Core™ i7 processor,16,512,Windows 11 Home,33.8 cm,"Backlit Keyboard, True Vision 5MP IR camera, B&O Speakers ",Intel,121629,16780,9,11630,109999,81B47PA
221,HPPavilion35.6cmLaptop14-dv2041TU-Silver,12th Generation Intel® Core™ i5 processor,16,512,Windows 11 Home,35.6 cm,"Backlit keyboard, Fingerprint reader, Wide Vision 720p HD camera, B&O Speakers ",Intel,75450,10449,9,6951,68499,6K9C5PA
222,HPPavilion35.6cmx3602-in-1Laptop14-ek0084TU-Silver,12th Generation Intel® Core™ i5 processor,8,512,Windows 11 Home Single Language,35.6 cm,"Backlit keyboard, True Vision 5MP camera, B&O Speakers ",Intel,82574,11441,9,7575,74999,6Q0Z3PA
223,HPPavilion35.6cmLaptop14-dv2153TU-Silver,12th Generation Intel® Core™ i5 processor,16,1024,Windows 11 Home,35.6 cm,"Backlit keyboard, Fingerprint reader, Wide Vision 720p HD camera, B&O Speakers ",Intel,80499,10678,13,10500,69999,8Y2S3PA
224,HPEnvy39.6cmx3602-in-1LaptopOLED15-fe0014TX,13th Generation Intel® Core™ i7 processor,16,1024,Windows 11 Home,39.6 cm,"Backlit Keyboard, Wide Vision 5MP IR camera, B&O Speakers, Privacy Camera ",Intel,149588,20898,8,12589,136999,8C4R6PA
225,HPEnvy39.6cmx3602-in-1LaptopOLED15-fe0030TU,13th Generation Intel® Core™ i7 processor,16,512,Windows 11 Home,39.6 cm,"Backlit Keyboard, Wide Vision 5MP IR camera, B&O Speakers, Privacy Camera ",Intel,124858,17390,8,10859,113999,8C4R8PA
226,HPEnvy33.8cmx3602-in-1LaptopOLED13-bf0063TU-Blue,Intel® Evo™ platform powered by Intel® Core™ i7 processor,16,1024,Windows 11 Home,33.8 cm,"Backlit Keyboard, True Vision 5MP IR camera, B&O Speakers ",Intel,132871,18305,9,12872,119999,6L0L1PA
227,HPVictusGamingLaptop39.62cm15-fa0555TX,12th Generation Intel® Core™ i5 processor,16,512,Windows 11 Home,39.6 cm,Backlit keyboard with numeric keypad/Wide Vision 720p HD camera/B&O Speakers ,Intel,88646,10647,21,18847,69799,805X2PA
228,HPPavilion35.6cmx3602-in-1Laptop14-ek1010TU-Silver,13th Generation Intel® Core™ i5 processor,16,1024,Windows 11 Home,35.6 cm,"Backlit keyboard, Fingerprint reader, True Vision 5MP camera, B&O Speakers, Privacy Camera ",Intel,92746,12813,9,8747,83999,7N760PA
229,HPPavilion35.6cmLaptop14-dv2015TU-Silver,12th Generation Intel® Core™ i7 processor,16,1024,Windows 11 Home,35.6 cm,"Backlit keyboard, Fingerprint reader, Wide Vision 720p HD camera, B&O Speakers ",Intel,97867,12966,13,12868,84999,6K9J2PA
230,HPEnvy33.8cmx3602-in-1LaptopOLED13-bf0062TU-SpaceBlue,12th Generation Intel® Core™ i7 processor,16,512,Windows 11 Home,33.8 cm,"Backlit Keyboard, True Vision 5MP IR camera with camera shutter, B&O Speakers ",Intel,121630,16780,9,11631,109999,6L0L0PA
231,HPEnvy33.8cmx3602-in-1LaptopOLED13-bf0058TU-Blue,Intel® Evo™ platform powered by Intel® Core™ i5 processor,16,512,Windows 11 Home,33.78 cm,"Backlit Keyboard, True Vision 5MP IR camera, B&O Speakers ",Intel,110388,15254,9,10389,99999,6L0K9PA
232,HPPavilionPlus35.6cmLaptop14-eh0037TU-Silver,12th Generation Intel® Core™ i5 -12500H Processor,16,512,Windows 11 Home,35.6 cm,"Backlit keyboard, Fingerprint reader, True Vision 5MP camera, B&O Speakers ",Intel,97266,13195,11,10767,86499,77S54PA
233,HPEnvy39.6cmx3602-in-1Laptop15-fe0028TU,13th Generation Intel® Core™ i5 processor,16,512,Windows 11 Home,39.6 cm,"Backlit Keyboard, Wide Vision 5MP IR camera, B&O Speakers, Privacy Camera ",Intel,110244,15254,9,10245,99999,8C4R7PA
234,HPSpectre34.3cmx3602-in-1LaptopOLED14-ef0072TU-Blue,12th Gen Intel® Evo™ Powered by Core™ i7 Processor,16,512,Windows 11 Home,34.3 cm,"Backlit Keyboard, Fingerprint Reader, True Vision 5MP IR camera, B&O Speakers ",Intel,151755,20593,11,16756,134999,7G6F0PA
235,HPPavilionPlus35.6cmLaptop14-eh1022TU,13th Generation Intel® Core™ i5 processor,16,512,Windows 11 Home,35.6 cm,"Backlit keyboard, True Vision 5MP camera, B&O Speakers ",Intel,93876,12966,9,8877,84999,81B19PA
236,HPPavilion35.6cmx3602-in-1Laptop14-ek0074TU-Silver,12th Generation Intel® Core™ i5 processor,16,512,Windows 11 Home,35.6 cm,"Backlit keyboard, Fingerprint reader, True Vision 5MP camera, B&O Speakers ",Intel,87095,11822,11,9596,77499,6Q0Y9PA
237,HPPavilion35.6cmx3602-in-1Laptop14-ek0072TU-Gold,12th Generation Intel® Core™ i5 processor,16,512,Windows 11 Home,35.6 cm,"Backlit keyboard, Fingerprint reader, True Vision 5MP camera, B&O Speakers ",Intel,87095,12051,9,8096,78999,6Q0Y7PA
238,HPPavilion35.6cmx3602-in-1Laptop14-ek1020TU-Gold,13th Generation Intel® Core™ i7 processor,16,512,Windows 11 Home,35.6 cm,"Backlit keyboard, Fingerprint Reader, True Vision 5MP camera, B&O Speakers, Privacy Camera ",Intel,104047,14339,9,10048,93999,7Z1P8PA
239,HPEnvy39.6cmx3602-in-1Laptop15-fh0019AU,AMD Ryzen™ 7 processor,16,512,Windows 11 Home,39.6 cm,"Backlit Keyboard, Wide Vision 5MP IR camera, B&O Speakers, Privacy Camera ",AMD,99003,13881,8,8004,90999,8C4S3PA
240,HPPavilionPlus35.6cmLaptop14-ew0154TU-Blue,13th Generation Intel® Core™ i7 processor,16,1024,Windows 11 Pro,35.6 cm,"Backlit keyboard, Wide Vision 5MP IR camera, B&O Speakers, Privacy Camera ",Intel,132408,17542,13,17409,114999,92U78PA
241,HPPavilionPlus35.6cmLaptop14-ey0789AU-Silver,AMD Ryzen™ 7 processor,16,1024,Windows 11 Home,35.6 cm,"Backlit keyboard, Wide Vision 5MP IR camera, B&O Speakers, Privacy Camera ",AMD,105926,14034,13,13927,91999,92U77PA
242,HPPavilion35.6cmLaptop14-ec1003AU,AMD Ryzen™ 5-5625U Processor,8,512,Windows 11 Home,35.6 cm,"Backlit keyboard, Wide Vision 720p HD camera, B&O speakers ",AMD,61022,8085,13,8023,52999,689H4PA
243,HPPavilion35.6cmx3602-in-1Laptop14-ek1009TU-Gold,13th Generation Intel® Core™ i5 processor,16,1024,Windows 11 Home,35.6 cm,"Backlit keyboard, Fingerprint reader, True Vision 5MP camera, B&O Speakers, Privacy Camera ",Intel,92746,12813,9,8747,83999,7N759PA
244,HPEnvy33.8cmx3602-in-1LaptopOLED13-bf0141TU-Silver,12th Gen Intel® Evo™ Powered by Core™ i7 processor,16,512,Windows 11 Home,33.8 cm,"Backlit Keyboard, True Vision 5MP IR camera, B&O Speakers ",Intel,121629,16780,9,11630,109999,81B47PA
245,HPPavilion35.6cmLaptop14-dv2041TU-Silver,12th Generation Intel® Core™ i5 processor,16,512,Windows 11 Home,35.6 cm,"Backlit keyboard, Fingerprint reader, Wide Vision 720p HD camera, B&O Speakers ",Intel,75450,10449,9,6951,68499,6K9C5PA
246,HPPavilion35.6cmx3602-in-1Laptop14-ek0084TU-Silver,12th Generation Intel® Core™ i5 processor,8,512,Windows 11 Home Single Language,35.6 cm,"Backlit keyboard, True Vision 5MP camera, B&O Speakers ",Intel,82574,11441,9,7575,74999,6Q0Z3PA
247,HPPavilion35.6cmLaptop14-dv2153TU-Silver,12th Generation Intel® Core™ i5 processor,16,1024,Windows 11 Home,35.6 cm,"Backlit keyboard, Fingerprint reader, Wide Vision 720p HD camera, B&O Speakers ",Intel,80499,10678,13,10500,69999,8Y2S3PA
248,HPEnvy39.6cmx3602-in-1LaptopOLED15-fe0014TX,13th Generation Intel® Core™ i7 processor,16,1024,Windows 11 Home,39.6 cm,"Backlit Keyboard, Wide Vision 5MP IR camera, B&O Speakers, Privacy Camera ",Intel,149588,20898,8,12589,136999,8C4R6PA
249,HPEnvy39.6cmx3602-in-1LaptopOLED15-fe0030TU,13th Generation Intel® Core™ i7 processor,16,512,Windows 11 Home,39.6 cm,"Backlit Keyboard, Wide Vision 5MP IR camera, B&O Speakers, Privacy Camera ",Intel,124858,17390,8,10859,113999,8C4R8PA
250,HPEnvy33.8cmx3602-in-1LaptopOLED13-bf0063TU-Blue,Intel® Evo™ platform powered by Intel® Core™ i7 processor,16,1024,Windows 11 Home,33.8 cm,"Backlit Keyboard, True Vision 5MP IR camera, B&O Speakers ",Intel,132871,18305,9,12872,119999,6L0L1PA
251,HPVictusGamingLaptop39.62cm15-fa0555TX,12th Generation Intel® Core™ i5 processor,16,512,Windows 11 Home,39.6 cm,Backlit keyboard with numeric keypad/Wide Vision 720p HD camera/B&O Speakers ,Intel,88646,10647,21,18847,69799,805X2PA
252,HPPavilion35.6cmx3602-in-1Laptop14-ek1010TU-Silver,13th Generation Intel® Core™ i5 processor,16,1024,Windows 11 Home,35.6 cm,"Backlit keyboard, Fingerprint reader, True Vision 5MP camera, B&O Speakers, Privacy Camera ",Intel,92746,12813,9,8747,83999,7N760PA
253,HPPavilion35.6cmLaptop14-dv2015TU-Silver,12th Generation Intel® Core™ i7 processor,16,1024,Windows 11 Home,35.6 cm,"Backlit keyboard, Fingerprint reader, Wide Vision 720p HD camera, B&O Speakers ",Intel,97867,12966,13,12868,84999,6K9J2PA
254,HPEnvy33.8cmx3602-in-1LaptopOLED13-bf0062TU-SpaceBlue,12th Generation Intel® Core™ i7 processor,16,512,Windows 11 Home,33.8 cm,"Backlit Keyboard, True Vision 5MP IR camera with camera shutter, B&O Speakers ",Intel,121630,16780,9,11631,109999,6L0L0PA
255,HPEnvy33.8cmx3602-in-1LaptopOLED13-bf0058TU-Blue,Intel® Evo™ platform powered by Intel® Core™ i5 processor,16,512,Windows 11 Home,33.78 cm,"Backlit Keyboard, True Vision 5MP IR camera, B&O Speakers ",Intel,110388,15254,9,10389,99999,6L0K9PA
256,HPPavilionPlus35.6cmLaptop14-eh0037TU-Silver,12th Generation Intel® Core™ i5 -12500H Processor,16,512,Windows 11 Home,35.6 cm,"Backlit keyboard, Fingerprint reader, True Vision 5MP camera, B&O Speakers ",Intel,97266,13195,11,10767,86499,77S54PA
257,HPEnvy39.6cmx3602-in-1Laptop15-fe0028TU,13th Generation Intel® Core™ i5 processor,16,512,Windows 11 Home,39.6 cm,"Backlit Keyboard, Wide Vision 5MP IR camera, B&O Speakers, Privacy Camera ",Intel,110244,15254,9,10245,99999,8C4R7PA
258,HPSpectre34.3cmx3602-in-1LaptopOLED14-ef0072TU-Blue,12th Gen Intel® Evo™ Powered by Core™ i7 Processor,16,512,Windows 11 Home,34.3 cm,"Backlit Keyboard, Fingerprint Reader, True Vision 5MP IR camera, B&O Speakers ",Intel,151755,20593,11,16756,134999,7G6F0PA
259,HPPavilionPlus35.6cmLaptop14-eh1022TU,13th Generation Intel® Core™ i5 processor,16,512,Windows 11 Home,35.6 cm,"Backlit keyboard, True Vision 5MP camera, B&O Speakers ",Intel,93876,12966,9,8877,84999,81B19PA
260,HPPavilion35.6cmx3602-in-1Laptop14-ek0074TU-Silver,12th Generation Intel® Core™ i5 processor,16,512,Windows 11 Home,35.6 cm,"Backlit keyboard, Fingerprint reader, True Vision 5MP camera, B&O Speakers ",Intel,87095,11822,11,9596,77499,6Q0Y9PA
261,HPPavilion35.6cmx3602-in-1Laptop14-ek0072TU-Gold,12th Generation Intel® Core™ i5 processor,16,512,Windows 11 Home,35.6 cm,"Backlit keyboard, Fingerprint reader, True Vision 5MP camera, B&O Speakers ",Intel,87095,12051,9,8096,78999,6Q0Y7PA
262,HPPavilion35.6cmx3602-in-1Laptop14-ek1020TU-Gold,13th Generation Intel® Core™ i7 processor,16,512,Windows 11 Home,35.6 cm,"Backlit keyboard, Fingerprint Reader, True Vision 5MP camera, B&O Speakers, Privacy Camera ",Intel,104047,14339,9,10048,93999,7Z1P8PA
263,HPEnvy39.6cmx3602-in-1Laptop15-fh0019AU,AMD Ryzen™ 7 processor,16,512,Windows 11 Home,39.6 cm,"Backlit Keyboard, Wide Vision 5MP IR camera, B&O Speakers, Privacy Camera ",AMD,99003,13881,8,8004,90999,8C4S3PA
264,HPPavilionPlus35.6cmLaptop14-ew0154TU-Blue,13th Generation Intel® Core™ i7 processor,16,1024,Windows 11 Pro,35.6 cm,"Backlit keyboard, Wide Vision 5MP IR camera, B&O Speakers, Privacy Camera ",Intel,132408,17542,13,17409,114999,92U78PA
265,HPPavilionPlus35.6cmLaptop14-ey0789AU-Silver,AMD Ryzen™ 7 processor,16,1024,Windows 11 Home,35.6 cm,"Backlit keyboard, Wide Vision 5MP IR camera, B&O Speakers, Privacy Camera ",AMD,105926,14034,13,13927,91999,92U77PA
266,HPPavilion35.6cmLaptop14-ec1003AU,AMD Ryzen™ 5-5625U Processor,8,512,Windows 11 Home,35.6 cm,"Backlit keyboard, Wide Vision 720p HD camera, B&O speakers ",AMD,61022,8085,13,8023,52999,689H4PA
267,HPPavilion35.6cmx3602-in-1Laptop14-ek1009TU-Gold,13th Generation Intel® Core™ i5 processor,16,1024,Windows 11 Home,35.6 cm,"Backlit keyboard, Fingerprint reader, True Vision 5MP camera, B&O Speakers, Privacy Camera ",Intel,92746,12813,9,8747,83999,7N759PA
268,HPEnvy33.8cmx3602-in-1LaptopOLED13-bf0141TU-Silver,12th Gen Intel® Evo™ Powered by Core™ i7 processor,16,512,Windows 11 Home,33.8 cm,"Backlit Keyboard, True Vision 5MP IR camera, B&O Speakers ",Intel,121629,16780,9,11630,109999,81B47PA
269,HPPavilion35.6cmLaptop14-dv2041TU-Silver,12th Generation Intel® Core™ i5 processor,16,512,Windows 11 Home,35.6 cm,"Backlit keyboard, Fingerprint reader, Wide Vision 720p HD camera, B&O Speakers ",Intel,75450,10449,9,6951,68499,6K9C5PA
270,HPPavilion35.6cmx3602-in-1Laptop14-ek0084TU-Silver,12th Generation Intel® Core™ i5 processor,8,512,Windows 11 Home Single Language,35.6 cm,"Backlit keyboard, True Vision 5MP camera, B&O Speakers ",Intel,82574,11441,9,7575,74999,6Q0Z3PA
271,HPPavilion35.6cmLaptop14-dv2153TU-Silver,12th Generation Intel® Core™ i5 processor,16,1024,Windows 11 Home,35.6 cm,"Backlit keyboard, Fingerprint reader, Wide Vision 720p HD camera, B&O Speakers ",Intel,80499,10678,13,10500,69999,8Y2S3PA
272,HPEnvy39.6cmx3602-in-1LaptopOLED15-fe0014TX,13th Generation Intel® Core™ i7 processor,16,1024,Windows 11 Home,39.6 cm,"Backlit Keyboard, Wide Vision 5MP IR camera, B&O Speakers, Privacy Camera ",Intel,149588,20898,8,12589,136999,8C4R6PA
273,HPEnvy39.6cmx3602-in-1LaptopOLED15-fe0030TU,13th Generation Intel® Core™ i7 processor,16,512,Windows 11 Home,39.6 cm,"Backlit Keyboard, Wide Vision 5MP IR camera, B&O Speakers, Privacy Camera ",Intel,124858,17390,8,10859,113999,8C4R8PA
274,HPEnvy33.8cmx3602-in-1LaptopOLED13-bf0063TU-Blue,Intel® Evo™ platform powered by Intel® Core™ i7 processor,16,1024,Windows 11 Home,33.8 cm,"Backlit Keyboard, True Vision 5MP IR camera, B&O Speakers ",Intel,132871,18305,9,12872,119999,6L0L1PA
275,HPVictusGamingLaptop39.62cm15-fa0555TX,12th Generation Intel® Core™ i5 processor,16,512,Windows 11 Home,39.6 cm,Backlit keyboard with numeric keypad/Wide Vision 720p HD camera/B&O Speakers ,Intel,88646,10647,21,18847,69799,805X2PA
276,HPPavilion35.6cmx3602-in-1Laptop14-ek1010TU-Silver,13th Generation Intel® Core™ i5 processor,16,1024,Windows 11 Home,35.6 cm,"Backlit keyboard, Fingerprint reader, True Vision 5MP camera, B&O Speakers, Privacy Camera ",Intel,92746,12813,9,8747,83999,7N760PA
277,HPPavilion35.6cmLaptop14-dv2015TU-Silver,12th Generation Intel® Core™ i7 processor,16,1024,Windows 11 Home,35.6 cm,"Backlit keyboard, Fingerprint reader, Wide Vision 720p HD camera, B&O Speakers ",Intel,97867,12966,13,12868,84999,6K9J2PA
278,HPEnvy33.8cmx3602-in-1LaptopOLED13-bf0062TU-SpaceBlue,12th Generation Intel® Core™ i7 processor,16,512,Windows 11 Home,33.8 cm,"Backlit Keyboard, True Vision 5MP IR camera with camera shutter, B&O Speakers ",Intel,121630,16780,9,11631,109999,6L0L0PA
279,HPEnvy33.8cmx3602-in-1LaptopOLED13-bf0058TU-Blue,Intel® Evo™ platform powered by Intel® Core™ i5 processor,16,512,Windows 11 Home,33.78 cm,"Backlit Keyboard, True Vision 5MP IR camera, B&O Speakers ",Intel,110388,15254,9,10389,99999,6L0K9PA
280,HPPavilionPlus35.6cmLaptop14-eh0037TU-Silver,12th Generation Intel® Core™ i5 -12500H Processor,16,512,Windows 11 Home,35.6 cm,"Backlit keyboard, Fingerprint reader, True Vision 5MP camera, B&O Speakers ",Intel,97266,13195,11,10767,86499,77S54PA
281,HPEnvy39.6cmx3602-in-1Laptop15-fe0028TU,13th Generation Intel® Core™ i5 processor,16,512,Windows 11 Home,39.6 cm,"Backlit Keyboard, Wide Vision 5MP IR camera, B&O Speakers, Privacy Camera ",Intel,110244,15254,9,10245,99999,8C4R7PA
282,HPSpectre34.3cmx3602-in-1LaptopOLED14-ef0072TU-Blue,12th Gen Intel® Evo™ Powered by Core™ i7 Processor,16,512,Windows 11 Home,34.3 cm,"Backlit Keyboard, Fingerprint Reader, True Vision 5MP IR camera, B&O Speakers ",Intel,151755,20593,11,16756,134999,7G6F0PA
283,HPPavilionPlus35.6cmLaptop14-eh1022TU,13th Generation Intel® Core™ i5 processor,16,512,Windows 11 Home,35.6 cm,"Backlit keyboard, True Vision 5MP camera, B&O Speakers ",Intel,93876,12966,9,8877,84999,81B19PA
284,HPPavilion35.6cmx3602-in-1Laptop14-ek0074TU-Silver,12th Generation Intel® Core™ i5 processor,16,512,Windows 11 Home,35.6 cm,"Backlit keyboard, Fingerprint reader, True Vision 5MP camera, B&O Speakers ",Intel,87095,11822,11,9596,77499,6Q0Y9PA
285,HPPavilion35.6cmx3602-in-1Laptop14-ek0072TU-Gold,12th Generation Intel® Core™ i5 processor,16,512,Windows 11 Home,35.6 cm,"Backlit keyboard, Fingerprint reader, True Vision 5MP camera, B&O Speakers ",Intel,87095,12051,9,8096,78999,6Q0Y7PA
286,HPPavilion35.6cmx3602-in-1Laptop14-ek1020TU-Gold,13th Generation Intel® Core™ i7 processor,16,512,Windows 11 Home,35.6 cm,"Backlit keyboard, Fingerprint Reader, True Vision 5MP camera, B&O Speakers, Privacy Camera ",Intel,104047,14339,9,10048,93999,7Z1P8PA
287,HPEnvy39.6cmx3602-in-1Laptop15-fh0019AU,AMD Ryzen™ 7 processor,16,512,Windows 11 Home,39.6 cm,"Backlit Keyboard, Wide Vision 5MP IR camera, B&O Speakers, Privacy Camera ",AMD,99003,13881,8,8004,90999,8C4S3PA
288,HPPavilionPlus35.6cmLaptop14-ew0154TU-Blue,13th Generation Intel® Core™ i7 processor,16,1024,Windows 11 Pro,35.6 cm,"Backlit keyboard, Wide Vision 5MP IR camera, B&O Speakers, Privacy Camera ",Intel,132408,17542,13,17409,114999,92U78PA
289,HPPavilionPlus35.6cmLaptop14-ey0789AU-Silver,AMD Ryzen™ 7 processor,16,1024,Windows 11 Home,35.6 cm,"Backlit keyboard, Wide Vision 5MP IR camera, B&O Speakers, Privacy Camera ",AMD,105926,14034,13,13927,91999,92U77PA
290,HPPavilion35.6cmLaptop14-ec1003AU,AMD Ryzen™ 5-5625U Processor,8,512,Windows 11 Home,35.6 cm,"Backlit keyboard, Wide Vision 720p HD camera, B&O speakers ",AMD,61022,8085,13,8023,52999,689H4PA
291,HPPavilion35.6cmx3602-in-1Laptop14-ek1009TU-Gold,13th Generation Intel® Core™ i5 processor,16,1024,Windows 11 Home,35.6 cm,"Backlit keyboard, Fingerprint reader, True Vision 5MP camera, B&O Speakers, Privacy Camera ",Intel,92746,12813,9,8747,83999,7N759PA
292,HPEnvy33.8cmx3602-in-1LaptopOLED13-bf0141TU-Silver,12th Gen Intel® Evo™ Powered by Core™ i7 processor,16,512,Windows 11 Home,33.8 cm,"Backlit Keyboard, True Vision 5MP IR camera, B&O Speakers ",Intel,121629,16780,9,11630,109999,81B47PA
293,HPPavilion35.6cmLaptop14-dv2041TU-Silver,12th Generation Intel® Core™ i5 processor,16,512,Windows 11 Home,35.6 cm,"Backlit keyboard, Fingerprint reader, Wide Vision 720p HD camera, B&O Speakers ",Intel,75450,10449,9,6951,68499,6K9C5PA
294,HPPavilion35.6cmx3602-in-1Laptop14-ek0084TU-Silver,12th Generation Intel® Core™ i5 processor,8,512,Windows 11 Home Single Language,35.6 cm,"Backlit keyboard, True Vision 5MP camera, B&O Speakers ",Intel,82574,11441,9,7575,74999,6Q0Z3PA
295,HPPavilion35.6cmLaptop14-dv2153TU-Silver,12th Generation Intel® Core™ i5 processor,16,1024,Windows 11 Home,35.6 cm,"Backlit keyboard, Fingerprint reader, Wide Vision 720p HD camera, B&O Speakers ",Intel,80499,10678,13,10500,69999,8Y2S3PA
296,HPEnvy39.6cmx3602-in-1LaptopOLED15-fe0014TX,13th Generation Intel® Core™ i7 processor,16,1024,Windows 11 Home,39.6 cm,"Backlit Keyboard, Wide Vision 5MP IR camera, B&O Speakers, Privacy Camera ",Intel,149588,20898,8,12589,136999,8C4R6PA
297,HPEnvy39.6cmx3602-in-1LaptopOLED15-fe0030TU,13th Generation Intel® Core™ i7 processor,16,512,Windows 11 Home,39.6 cm,"Backlit Keyboard, Wide Vision 5MP IR camera, B&O Speakers, Privacy Camera ",Intel,124858,17390,8,10859,113999,8C4R8PA
298,HPEnvy33.8cmx3602-in-1LaptopOLED13-bf0063TU-Blue,Intel® Evo™ platform powered by Intel® Core™ i7 processor,16,1024,Windows 11 Home,33.8 cm,"Backlit Keyboard, True Vision 5MP IR camera, B&O Speakers ",Intel,132871,18305,9,12872,119999,6L0L1PA
299,HPVictusGamingLaptop39.62cm15-fa0555TX,12th Generation Intel® Core™ i5 processor,16,512,Windows 11 Home,39.6 cm,Backlit keyboard with numeric keypad/Wide Vision 720p HD camera/B&O Speakers ,Intel,88646,10647,21,18847,69799,805X2PA
300,HPPavilion35.6cmx3602-in-1Laptop14-ek1010TU-Silver,13th Generation Intel® Core™ i5 processor,16,1024,Windows 11 Home,35.6 cm,"Backlit keyboard, Fingerprint reader, True Vision 5MP camera, B&O Speakers, Privacy Camera ",Intel,92746,12813,9,8747,83999,7N760PA
301,HPPavilion35.6cmLaptop14-dv2015TU-Silver,12th Generation Intel® Core™ i7 processor,16,1024,Windows 11 Home,35.6 cm,"Backlit keyboard, Fingerprint reader, Wide Vision 720p HD camera, B&O Speakers ",Intel,97867,12966,13,12868,84999,6K9J2PA
302,HPEnvy33.8cmx3602-in-1LaptopOLED13-bf0062TU-SpaceBlue,12th Generation Intel® Core™ i7 processor,16,512,Windows 11 Home,33.8 cm,"Backlit Keyboard, True Vision 5MP IR camera with camera shutter, B&O Speakers ",Intel,121630,16780,9,11631,109999,6L0L0PA
303,HPEnvy33.8cmx3602-in-1LaptopOLED13-bf0058TU-Blue,Intel® Evo™ platform powered by Intel® Core™ i5 processor,16,512,Windows 11 Home,33.78 cm,"Backlit Keyboard, True Vision 5MP IR camera, B&O Speakers ",Intel,110388,15254,9,10389,99999,6L0K9PA
304,HPPavilionPlus35.6cmLaptop14-eh0037TU-Silver,12th Generation Intel® Core™ i5 -12500H Processor,16,512,Windows 11 Home,35.6 cm,"Backlit keyboard, Fingerprint reader, True Vision 5MP camera, B&O Speakers ",Intel,97266,13195,11,10767,86499,77S54PA
305,HPEnvy39.6cmx3602-in-1Laptop15-fe0028TU,13th Generation Intel® Core™ i5 processor,16,512,Windows 11 Home,39.6 cm,"Backlit Keyboard, Wide Vision 5MP IR camera, B&O Speakers, Privacy Camera ",Intel,110244,15254,9,10245,99999,8C4R7PA
306,HPSpectre34.3cmx3602-in-1LaptopOLED14-ef0072TU-Blue,12th Gen Intel® Evo™ Powered by Core™ i7 Processor,16,512,Windows 11 Home,34.3 cm,"Backlit Keyboard, Fingerprint Reader, True Vision 5MP IR camera, B&O Speakers ",Intel,151755,20593,11,16756,134999,7G6F0PA
307,HPPavilionPlus35.6cmLaptop14-eh1022TU,13th Generation Intel® Core™ i5 processor,16,512,Windows 11 Home,35.6 cm,"Backlit keyboard, True Vision 5MP camera, B&O Speakers ",Intel,93876,12966,9,8877,84999,81B19PA
308,HPPavilion35.6cmx3602-in-1Laptop14-ek0074TU-Silver,12th Generation Intel® Core™ i5 processor,16,512,Windows 11 Home,35.6 cm,"Backlit keyboard, Fingerprint reader, True Vision 5MP camera, B&O Speakers ",Intel,87095,11822,11,9596,77499,6Q0Y9PA
309,HPPavilion35.6cmx3602-in-1Laptop14-ek0072TU-Gold,12th Generation Intel® Core™ i5 processor,16,512,Windows 11 Home,35.6 cm,"Backlit keyboard, Fingerprint reader, True Vision 5MP camera, B&O Speakers ",Intel,87095,12051,9,8096,78999,6Q0Y7PA
310,HPPavilion35.6cmx3602-in-1Laptop14-ek1020TU-Gold,13th Generation Intel® Core™ i7 processor,16,512,Windows 11 Home,35.6 cm,"Backlit keyboard, Fingerprint Reader, True Vision 5MP camera, B&O Speakers, Privacy Camera ",Intel,104047,14339,9,10048,93999,7Z1P8PA
311,HPEnvy39.6cmx3602-in-1Laptop15-fh0019AU,AMD Ryzen™ 7 processor,16,512,Windows 11 Home,39.6 cm,"Backlit Keyboard, Wide Vision 5MP IR camera, B&O Speakers, Privacy Camera ",AMD,99003,13881,8,8004,90999,8C4S3PA
312,HPPavilionPlus35.6cmLaptop14-ew0154TU-Blue,13th Generation Intel® Core™ i7 processor,16,1024,Windows 11 Pro,35.6 cm,"Backlit keyboard, Wide Vision 5MP IR camera, B&O Speakers, Privacy Camera ",Intel,132408,17542,13,17409,114999,92U78PA
313,HPPavilionPlus35.6cmLaptop14-ey0789AU-Silver,AMD Ryzen™ 7 processor,16,1024,Windows 11 Home,35.6 cm,"Backlit keyboard, Wide Vision 5MP IR camera, B&O Speakers, Privacy Camera ",AMD,105926,14034,13,13927,91999,92U77PA
314,HPPavilion35.6cmLaptop14-ec1003AU,AMD Ryzen™ 5-5625U Processor,8,512,Windows 11 Home,35.6 cm,"Backlit keyboard, Wide Vision 720p HD camera, B&O speakers ",AMD,61022,8085,13,8023,52999,689H4PA
315,HPPavilion35.6cmx3602-in-1Laptop14-ek1009TU-Gold,13th Generation Intel® Core™ i5 processor,16,1024,Windows 11 Home,35.6 cm,"Backlit keyboard, Fingerprint reader, True Vision 5MP camera, B&O Speakers, Privacy Camera ",Intel,92746,12813,9,8747,83999,7N759PA
316,HPEnvy33.8cmx3602-in-1LaptopOLED13-bf0141TU-Silver,12th Gen Intel® Evo™ Powered by Core™ i7 processor,16,512,Windows 11 Home,33.8 cm,"Backlit Keyboard, True Vision 5MP IR camera, B&O Speakers ",Intel,121629,16780,9,11630,109999,81B47PA
317,HPPavilion35.6cmLaptop14-dv2041TU-Silver,12th Generation Intel® Core™ i5 processor,16,512,Windows 11 Home,35.6 cm,"Backlit keyboard, Fingerprint reader, Wide Vision 720p HD camera, B&O Speakers ",Intel,75450,10449,9,6951,68499,6K9C5PA
318,HPPavilion35.6cmx3602-in-1Laptop14-ek0084TU-Silver,12th Generation Intel® Core™ i5 processor,8,512,Windows 11 Home Single Language,35.6 cm,"Backlit keyboard, True Vision 5MP camera, B&O Speakers ",Intel,82574,11441,9,7575,74999,6Q0Z3PA
319,HPPavilion35.6cmLaptop14-dv2153TU-Silver,12th Generation Intel® Core™ i5 processor,16,1024,Windows 11 Home,35.6 cm,"Backlit keyboard, Fingerprint reader, Wide Vision 720p HD camera, B&O Speakers ",Intel,80499,10678,13,10500,69999,8Y2S3PA
320,HPEnvy39.6cmx3602-in-1LaptopOLED15-fe0014TX,13th Generation Intel® Core™ i7 processor,16,1024,Windows 11 Home,39.6 cm,"Backlit Keyboard, Wide Vision 5MP IR camera, B&O Speakers, Privacy Camera ",Intel,149588,20898,8,12589,136999,8C4R6PA
321,HPEnvy39.6cmx3602-in-1LaptopOLED15-fe0030TU,13th Generation Intel® Core™ i7 processor,16,512,Windows 11 Home,39.6 cm,"Backlit Keyboard, Wide Vision 5MP IR camera, B&O Speakers, Privacy Camera ",Intel,124858,17390,8,10859,113999,8C4R8PA
322,HPEnvy33.8cmx3602-in-1LaptopOLED13-bf0063TU-Blue,Intel® Evo™ platform powered by Intel® Core™ i7 processor,16,1024,Windows 11 Home,33.8 cm,"Backlit Keyboard, True Vision 5MP IR camera, B&O Speakers ",Intel,132871,18305,9,12872,119999,6L0L1PA
323,HPVictusGamingLaptop39.62cm15-fa0555TX,12th Generation Intel® Core™ i5 processor,16,512,Windows 11 Home,39.6 cm,Backlit keyboard with numeric keypad/Wide Vision 720p HD camera/B&O Speakers ,Intel,88646,10647,21,18847,69799,805X2PA
324,HPPavilion35.6cmx3602-in-1Laptop14-ek1010TU-Silver,13th Generation Intel® Core™ i5 processor,16,1024,Windows 11 Home,35.6 cm,"Backlit keyboard, Fingerprint reader, True Vision 5MP camera, B&O Speakers, Privacy Camera ",Intel,92746,12813,9,8747,83999,7N760PA
325,HPPavilion35.6cmLaptop14-dv2015TU-Silver,12th Generation Intel® Core™ i7 processor,16,1024,Windows 11 Home,35.6 cm,"Backlit keyboard, Fingerprint reader, Wide Vision 720p HD camera, B&O Speakers ",Intel,97867,12966,13,12868,84999,6K9J2PA
326,HPEnvy33.8cmx3602-in-1LaptopOLED13-bf0062TU-SpaceBlue,12th Generation Intel® Core™ i7 processor,16,512,Windows 11 Home,33.8 cm,"Backlit Keyboard, True Vision 5MP IR camera with camera shutter, B&O Speakers ",Intel,121630,16780,9,11631,109999,6L0L0PA
327,HPEnvy33.8cmx3602-in-1LaptopOLED13-bf0058TU-Blue,Intel® Evo™ platform powered by Intel® Core™ i5 processor,16,512,Windows 11 Home,33.78 cm,"Backlit Keyboard, True Vision 5MP IR camera, B&O Speakers ",Intel,110388,15254,9,10389,99999,6L0K9PA
328,HPPavilionPlus35.6cmLaptop14-eh0037TU-Silver,12th Generation Intel® Core™ i5 -12500H Processor,16,512,Windows 11 Home,35.6 cm,"Backlit keyboard, Fingerprint reader, True Vision 5MP camera, B&O Speakers ",Intel,97266,13195,11,10767,86499,77S54PA
329,HPEnvy39.6cmx3602-in-1Laptop15-fe0028TU,13th Generation Intel® Core™ i5 processor,16,512,Windows 11 Home,39.6 cm,"Backlit Keyboard, Wide Vision 5MP IR camera, B&O Speakers, Privacy Camera ",Intel,110244,15254,9,10245,99999,8C4R7PA
330,HPSpectre34.3cmx3602-in-1LaptopOLED14-ef0072TU-Blue,12th Gen Intel® Evo™ Powered by Core™ i7 Processor,16,512,Windows 11 Home,34.3 cm,"Backlit Keyboard, Fingerprint Reader, True Vision 5MP IR camera, B&O Speakers ",Intel,151755,20593,11,16756,134999,7G6F0PA
331,HPPavilionPlus35.6cmLaptop14-eh1022TU,13th Generation Intel® Core™ i5 processor,16,512,Windows 11 Home,35.6 cm,"Backlit keyboard, True Vision 5MP camera, B&O Speakers ",Intel,93876,12966,9,8877,84999,81B19PA
332,HPPavilion35.6cmx3602-in-1Laptop14-ek0074TU-Silver,12th Generation Intel® Core™ i5 processor,16,512,Windows 11 Home,35.6 cm,"Backlit keyboard, Fingerprint reader, True Vision 5MP camera, B&O Speakers ",Intel,87095,11822,11,9596,77499,6Q0Y9PA
333,HPPavilion35.6cmx3602-in-1Laptop14-ek0072TU-Gold,12th Generation Intel® Core™ i5 processor,16,512,Windows 11 Home,35.6 cm,"Backlit keyboard, Fingerprint reader, True Vision 5MP camera, B&O Speakers ",Intel,87095,12051,9,8096,78999,6Q0Y7PA
334,HPPavilion35.6cmx3602-in-1Laptop14-ek1020TU-Gold,13th Generation Intel® Core™ i7 processor,16,512,Windows 11 Home,35.6 cm,"Backlit keyboard, Fingerprint Reader, True Vision 5MP camera, B&O Speakers, Privacy Camera ",Intel,104047,14339,9,10048,93999,7Z1P8PA
335,HPEnvy39.6cmx3602-in-1Laptop15-fh0019AU,AMD Ryzen™ 7 processor,16,512,Windows 11 Home,39.6 cm,"Backlit Keyboard, Wide Vision 5MP IR camera, B&O Speakers, Privacy Camera ",AMD,99003,13881,8,8004,90999,8C4S3PA
336,HPPavilionPlus35.6cmLaptop14-ew0154TU-Blue,13th Generation Intel® Core™ i7 processor,16,1024,Windows 11 Pro,35.6 cm,"Backlit keyboard, Wide Vision 5MP IR camera, B&O Speakers, Privacy Camera ",Intel,132408,17542,13,17409,114999,92U78PA
337,HPPavilionPlus35.6cmLaptop14-ey0789AU-Silver,AMD Ryzen™ 7 processor,16,1024,Windows 11 Home,35.6 cm,"Backlit keyboard, Wide Vision 5MP IR camera, B&O Speakers, Privacy Camera ",AMD,105926,14034,13,13927,91999,92U77PA
338,HPPavilion35.6cmLaptop14-ec1003AU,AMD Ryzen™ 5-5625U Processor,8,512,Windows 11 Home,35.6 cm,"Backlit keyboard, Wide Vision 720p HD camera, B&O speakers ",AMD,61022,8085,13,8023,52999,689H4PA
339,HPPavilion35.6cmx3602-in-1Laptop14-ek1009TU-Gold,13th Generation Intel® Core™ i5 processor,16,1024,Windows 11 Home,35.6 cm,"Backlit keyboard, Fingerprint reader, True Vision 5MP camera, B&O Speakers, Privacy Camera ",Intel,92746,12813,9,8747,83999,7N759PA
340,HPEnvy33.8cmx3602-in-1LaptopOLED13-bf0141TU-Silver,12th Gen Intel® Evo™ Powered by Core™ i7 processor,16,512,Windows 11 Home,33.8 cm,"Backlit Keyboard, True Vision 5MP IR camera, B&O Speakers ",Intel,121629,16780,9,11630,109999,81B47PA
341,HPPavilion35.6cmLaptop14-dv2041TU-Silver,12th Generation Intel® Core™ i5 processor,16,512,Windows 11 Home,35.6 cm,"Backlit keyboard, Fingerprint reader, Wide Vision 720p HD camera, B&O Speakers ",Intel,75450,10449,9,6951,68499,6K9C5PA
342,HPPavilion35.6cmx3602-in-1Laptop14-ek0084TU-Silver,12th Generation Intel® Core™ i5 processor,8,512,Windows 11 Home Single Language,35.6 cm,"Backlit keyboard, True Vision 5MP camera, B&O Speakers ",Intel,82574,11441,9,7575,74999,6Q0Z3PA
343,HPPavilion35.6cmLaptop14-dv2153TU-Silver,12th Generation Intel® Core™ i5 processor,16,1024,Windows 11 Home,35.6 cm,"Backlit keyboard, Fingerprint reader, Wide Vision 720p HD camera, B&O Speakers ",Intel,80499,10678,13,10500,69999,8Y2S3PA
344,HPEnvy39.6cmx3602-in-1LaptopOLED15-fe0014TX,13th Generation Intel® Core™ i7 processor,16,1024,Windows 11 Home,39.6 cm,"Backlit Keyboard, Wide Vision 5MP IR camera, B&O Speakers, Privacy Camera ",Intel,149588,20898,8,12589,136999,8C4R6PA
345,HPEnvy39.6cmx3602-in-1LaptopOLED15-fe0030TU,13th Generation Intel® Core™ i7 processor,16,512,Windows 11 Home,39.6 cm,"Backlit Keyboard, Wide Vision 5MP IR camera, B&O Speakers, Privacy Camera ",Intel,124858,17390,8,10859,113999,8C4R8PA
346,HPEnvy33.8cmx3602-in-1LaptopOLED13-bf0063TU-Blue,Intel® Evo™ platform powered by Intel® Core™ i7 processor,16,1024,Windows 11 Home,33.8 cm,"Backlit Keyboard, True Vision 5MP IR camera, B&O Speakers ",Intel,132871,18305,9,12872,119999,6L0L1PA
347,HPVictusGamingLaptop39.62cm15-fa0555TX,12th Generation Intel® Core™ i5 processor,16,512,Windows 11 Home,39.6 cm,Backlit keyboard with numeric keypad/Wide Vision 720p HD camera/B&O Speakers ,Intel,88646,10647,21,18847,69799,805X2PA
348,HPPavilion35.6cmx3602-in-1Laptop14-ek1010TU-Silver,13th Generation Intel® Core™ i5 processor,16,1024,Windows 11 Home,35.6 cm,"Backlit keyboard, Fingerprint reader, True Vision 5MP camera, B&O Speakers, Privacy Camera ",Intel,92746,12813,9,8747,83999,7N760PA
349,HPPavilion35.6cmLaptop14-dv2015TU-Silver,12th Generation Intel® Core™ i7 processor,16,1024,Windows 11 Home,35.6 cm,"Backlit keyboard, Fingerprint reader, Wide Vision 720p HD camera, B&O Speakers ",Intel,97867,12966,13,12868,84999,6K9J2PA
350,HPEnvy33.8cmx3602-in-1LaptopOLED13-bf0062TU-SpaceBlue,12th Generation Intel® Core™ i7 processor,16,512,Windows 11 Home,33.8 cm,"Backlit Keyboard, True Vision 5MP IR camera with camera shutter, B&O Speakers ",Intel,121630,16780,9,11631,109999,6L0L0PA
351,HPEnvy33.8cmx3602-in-1LaptopOLED13-bf0058TU-Blue,Intel® Evo™ platform powered by Intel® Core™ i5 processor,16,512,Windows 11 Home,33.78 cm,"Backlit Keyboard, True Vision 5MP IR camera, B&O Speakers ",Intel,110388,15254,9,10389,99999,6L0K9PA
352,HPPavilionPlus35.6cmLaptop14-eh0037TU-Silver,12th Generation Intel® Core™ i5 -12500H Processor,16,512,Windows 11 Home,35.6 cm,"Backlit keyboard, Fingerprint reader, True Vision 5MP camera, B&O Speakers ",Intel,97266,13195,11,10767,86499,77S54PA
353,HPEnvy39.6cmx3602-in-1Laptop15-fe0028TU,13th Generation Intel® Core™ i5 processor,16,512,Windows 11 Home,39.6 cm,"Backlit Keyboard, Wide Vision 5MP IR camera, B&O Speakers, Privacy Camera ",Intel,110244,15254,9,10245,99999,8C4R7PA
354,HPSpectre34.3cmx3602-in-1LaptopOLED14-ef0072TU-Blue,12th Gen Intel® Evo™ Powered by Core™ i7 Processor,16,512,Windows 11 Home,34.3 cm,"Backlit Keyboard, Fingerprint Reader, True Vision 5MP IR camera, B&O Speakers ",Intel,151755,20593,11,16756,134999,7G6F0PA
355,HPPavilionPlus35.6cmLaptop14-eh1022TU,13th Generation Intel® Core™ i5 processor,16,512,Windows 11 Home,35.6 cm,"Backlit keyboard, True Vision 5MP camera, B&O Speakers ",Intel,93876,12966,9,8877,84999,81B19PA
356,HPPavilion35.6cmx3602-in-1Laptop14-ek0074TU-Silver,12th Generation Intel® Core™ i5 processor,16,512,Windows 11 Home,35.6 cm,"Backlit keyboard, Fingerprint reader, True Vision 5MP camera, B&O Speakers ",Intel,87095,11822,11,9596,77499,6Q0Y9PA
357,HPPavilion35.6cmx3602-in-1Laptop14-ek0072TU-Gold,12th Generation Intel® Core™ i5 processor,16,512,Windows 11 Home,35.6 cm,"Backlit keyboard, Fingerprint reader, True Vision 5MP camera, B&O Speakers ",Intel,87095,12051,9,8096,78999,6Q0Y7PA
358,HPPavilion35.6cmx3602-in-1Laptop14-ek1020TU-Gold,13th Generation Intel® Core™ i7 processor,16,512,Windows 11 Home,35.6 cm,"Backlit keyboard, Fingerprint Reader, True Vision 5MP camera, B&O Speakers, Privacy Camera ",Intel,104047,14339,9,10048,93999,7Z1P8PA
359,HPEnvy39.6cmx3602-in-1Laptop15-fh0019AU,AMD Ryzen™ 7 processor,16,512,Windows 11 Home,39.6 cm,"Backlit Keyboard, Wide Vision 5MP IR camera, B&O Speakers, Privacy Camera ",AMD,99003,13881,8,8004,90999,8C4S3PA
